username, created_at, lng, lat, text
CraigScharton, Fri May 01 04:39:07 +0000 2020, -119.782465, 36.786042, @altonbrown How do I catsup on fries and prefer mustard on my hotdog. 
rSpeckk, Fri May 01 04:39:07 +0000 2020, -73.296008, 40.712882, @John45789265 @XXL okay but a spade is a spade these songs are trash.. you can't put sprinkles on dog shit and call it a brownie 
MarsMaurs, Fri May 01 04:39:07 +0000 2020, -80.182472, 25.960583, 27 days left for me ğŸ‰ 
TribeCalldKwest, Fri May 01 04:39:07 +0000 2020, -93.197723, 30.202771, If I ever do this, Iâ€™ve been abducted! HELP ME!!! 
CandiQueen, Fri May 01 04:39:07 +0000 2020, -73.831187, 40.670879, â€œThat real ass ainâ€™t keep ya man homeâ€ I know all the people who fit that shoe in they feelings right now. The suâ€¦ https://t.co/xAjpM89w3d 
GlobalSports_US, Fri May 01 04:39:07 +0000 2020, -77.604684, 41.117936, @curgs time to catch up. @GlobalSports_US  DM me 
_mellllii, Fri May 01 04:39:07 +0000 2020, -121.278605, 38.119674, @aureajenelle My favorite speaker we sell, I have 2ğŸ˜… https://t.co/mUKqw4iWV4 
PTAli1, Fri May 01 04:39:07 +0000 2020, -122.194398, 47.481598, @gawendaseminars @FreestylePhysio https://t.co/YWrAfQqUGJ 
troysotrill, Fri May 01 04:39:08 +0000 2020, -72.737393, 41.850901, [PLUGghG] 
FlipBunny, Fri May 01 04:39:08 +0000 2020, -122.436779, 37.621299, @Bloudin_Ruo Wheeee! 
WRFoxKidsNation, Fri May 01 04:39:08 +0000 2020, -84.291981, 39.789929, What the hell? 
damonguidry, Fri May 01 04:39:08 +0000 2020, -91.886392, 30.269709, His flow on From Florida With Love&gt;&gt; 
h00dmedusa, Fri May 01 04:39:08 +0000 2020, -89.814879, 35.230487, someone text me, mane ğŸ“² 
ShaggyBlack, Fri May 01 04:39:08 +0000 2020, -83.804475, 27.698682, @DuggusChrist Nah he dean. 
Wavy114Snotta, Fri May 01 04:39:08 +0000 2020, -81.800579, 32.440511, How you plan to make it to the top by just fitting in ? 
hannaaah_rose20, Fri May 01 04:39:08 +0000 2020, -105.550890, 38.997936, Proud ğŸ¥ºğŸ’•ğŸ’•ğŸ’• 
stavepls, Fri May 01 04:39:08 +0000 2020, -95.446486, 29.838495, @itsodraude @youngbasedoscar both arguments are not wrong here 
DZolf, Fri May 01 04:39:08 +0000 2020, -122.162294, 37.705044, @camolove925 
GioBased, Fri May 01 04:39:09 +0000 2020, -115.223125, 36.232915, Moozy and Drake dopped today. Gone be thinking about the streets and my girl at the same time 
hazelthundrr, Fri May 01 04:39:08 +0000 2020, -82.442694, 27.996595, OHHHHHHHH! 
jambojoe, Fri May 01 04:39:09 +0000 2020, -81.547332, 28.480712, @washyourrhands thank u, mike!!! ğŸ¤ 
evelyn32941809, Fri May 01 04:39:08 +0000 2020, -116.002960, 36.201993, tomorrow is May 1stğŸŒ¸@NatbyNature https://t.co/9LyOm0wYUi 
aaronthekid97, Fri May 01 04:39:09 +0000 2020, -75.117998, 40.004866, Ohhhhhh..the last two are the drilll onneeesss..hmmmmmm https://t.co/sa37dD7qbn 
LisitaaGraham, Fri May 01 04:39:09 +0000 2020, -87.653256, 41.604544, @kari_royalty Okay ğŸ˜‚ 
VanessaMSalinas, Fri May 01 04:39:09 +0000 2020, -96.961483, 32.863917, I mean I'm down 
siddinpretty, Fri May 01 04:39:09 +0000 2020, -77.014398, 38.898603, Sad thing is I never felt the need to ever speak on a nigga that I know I got... 
RMillennielle, Fri May 01 04:39:09 +0000 2020, -84.340338, 34.041212, @saintexp @creepinpeepin @MattBruenig @bdomenech I started this asking Matt a fair question. But go off. 
darksautourus, Fri May 01 04:39:09 +0000 2020, -84.192069, 34.038017, @dalversanchez Me amo 
TeslaOwnersEBay, Fri May 01 04:39:09 +0000 2020, -122.179327, 37.879414, @marc_benton @weedrivetesla @thirdrowtesla Theyâ€™re underselling it. Duh Marc. 
Billyrisner2, Fri May 01 04:39:09 +0000 2020, -85.978600, 35.830522, @ConnerJanith @SupporterHappy @Leighforusa1 @Pat_riots2KAG @TexanAlliKat @308saiga @KittinDavis @BobDurlandâ€¦ https://t.co/Tbe0TtBWO4 
jkalexander_alg, Fri May 01 04:39:09 +0000 2020, -122.666741, 45.728930, @CrowsonRob Hi Rob, I donâ€™t know you but just read your tweet.  My heart â¤ï¸ breaks for you and your family.  Prayerâ€¦ https://t.co/pFeh6siHby 
SvtBryan, Fri May 01 04:39:09 +0000 2020, -121.827167, 37.367500, ğŸ¤£ğŸ¤£ğŸ¤£ğŸ¤£ğŸ¤£ https://t.co/hw0VcJOeih 
follow_cobras, Fri May 01 04:39:09 +0000 2020, -100.076888, 31.168893, Just wanted to take a minute to recognize this young man. Thomas "Crooky Monster" Crook from 9U Delong, has not misâ€¦ https://t.co/lkFfrJvoSU 
__dooomi, Fri May 01 04:39:09 +0000 2020, -74.126997, 40.855511, I have a thing for guys that make me laugh and have a good sense of humor, cause the dumbest things make me laugh lmao 
CountStacula_, Fri May 01 04:39:09 +0000 2020, -83.729972, 42.270839, @chrisblakely20 ğŸ˜‚ğŸ˜‚ğŸ˜‚ğŸ˜‚ 
DiccGangsta, Fri May 01 04:39:09 +0000 2020, -95.913642, 36.109392, @rbh_1017 @boysputa @alex3legs Dam cutie let me take care of that for you 
lizzardgoalie30, Fri May 01 04:39:09 +0000 2020, -76.814529, 39.150003, Say it louder for the people in the back 
GMAronson, Fri May 01 04:39:09 +0000 2020, -93.361321, 46.441861, @AuschwitzMuseum ğŸ˜­ğŸ˜­ğŸ˜­ğŸ˜­ğŸ˜­ 
judyrudin, Fri May 01 04:39:09 +0000 2020, -123.123581, 49.257639, Been there. Will return. I â¤ Nova Scotia.#Canada 
kxmren, Fri May 01 04:39:09 +0000 2020, -75.117998, 40.004866, @_ayauna so much music chile...so much! 
mikelondonpost3, Fri May 01 04:39:09 +0000 2020, -80.528713, 35.652669, @LWill_SRHS @hhouston21 @ChrisHughesCP @rollinbj17 @bhouston39 2001 South Rowan defense came up with 48 turnovers iâ€¦ https://t.co/OCYDv2UbTC 
Julliiaan, Fri May 01 04:39:09 +0000 2020, -97.432425, 27.737151, @playboicarti wya â˜¹ï¸ 
cindyinchaos, Fri May 01 04:39:09 +0000 2020, -122.330602, 47.614817, @tedlieu @realDonaldTrump Exactly! 
ZyNeww, Fri May 01 04:39:09 +0000 2020, -71.088712, 42.313670, ğŸ¥¶ https://t.co/AimdUM8SdS 
austin_uke, Fri May 01 04:39:09 +0000 2020, -96.959664, 32.595264, @Kenneth15Harper @CoachHillerSMSU @ahart49 @fella23 @CoachMack28 @That_Boi_Dhawk @FeetHipsHands @SMSUMustangs Thank you!!ğŸ™ŒğŸ¾ 
floresaashley, Fri May 01 04:39:09 +0000 2020, -149.758794, 61.235042, @faithgbderla Funny how I'm right here 
Cami_red_hair, Fri May 01 04:39:10 +0000 2020, -105.112216, 40.165931, I remember when I was in like 4th-7th grade I wanted a leopard gecko so bad 
IvyLeaque_, Fri May 01 04:39:10 +0000 2020, -83.804475, 27.698682, Yeah I seen too many Drake tweets, Iâ€™m off twitter for the rest of the month til ya niggas RELAX ğŸ˜‚ 
FatBoi843, Fri May 01 04:39:10 +0000 2020, -79.780308, 34.182661, For example that the clitoris and vulva in general are visually unappealing that female masturbation is taboo it thâ€¦ https://t.co/rKUN8IxF5a 
tatyana_sf, Fri May 01 04:39:10 +0000 2020, -122.435979, 37.770657, https://t.co/QZlfpkABh1 
lumpyleocat, Fri May 01 04:39:10 +0000 2020, -75.386460, 39.145024, hi anyone man or female tweeting about repealing the 19th youâ€™re trash because women fought for YEARS to have the râ€¦ https://t.co/FSG7njBPpZ 
DeltaBoy_662, Fri May 01 04:39:10 +0000 2020, -92.177808, 38.552600, @Danny_G49 Ice JJ Fish ass dude 
TedPavlic, Fri May 01 04:39:10 +0000 2020, -112.124676, 33.552863, I have yet to closely observe one of the pea pods on this tree in our back yard transform from the form in the fronâ€¦ https://t.co/x9YTZw38me 
malorieemarie, Fri May 01 04:39:10 +0000 2020, -98.540651, 29.417501, I KNOOOWWW 
goodlordyjordy, Fri May 01 04:39:10 +0000 2020, -118.411907, 34.020789, @parv0_ That would be sick. 
dawnegal, Fri May 01 04:39:10 +0000 2020, -122.755969, 49.251452, Thankful for the little things today - seeing real live kids, running with my fur baby and for all the amazing PoCoâ€¦ https://t.co/XKxRI0H4rS 
abbmatic, Fri May 01 04:39:10 +0000 2020, -80.345263, 27.300765, when that beat dropped in â€œNot You Tooâ€ #DARKLANEDEMOTAPES https://t.co/vSNyqtvzn0 
michellesoules2, Fri May 01 04:39:10 +0000 2020, -95.400973, 30.124856, affect is a verb/ effect is a noun 
abbbbbs12, Fri May 01 04:39:10 +0000 2020, -97.169156, 31.547449, Always stay kind âœ¨ 
BonniHuntsinger, Fri May 01 04:39:10 +0000 2020, -86.783700, 36.165100, Home Depot visit today! â€œLots plants cheap!â€ ğŸ˜‚ğŸ˜‰ğŸ’šğŸ’ğŸŒºğŸŒ»ğŸŒ¸ğŸ‰ğŸ‘ğŸŒ±ğŸ“ğŸ¥¬ğŸ…ğŸ’ğŸ˜·Masks on 99% of customers/employees! ğŸ˜· @ Nashville, Tenâ€¦ https://t.co/lunWmGyORD 
IBang_YourMoM, Fri May 01 04:39:10 +0000 2020, -84.433106, 33.767195, Bruh gay people love calling me pretty ğŸ¥´ğŸ˜‚ let me be handsome 
zoeaiello_xx, Fri May 01 04:39:10 +0000 2020, -106.632718, 35.117002, Wait on it @fatherjasss 
dlblackwood, Fri May 01 04:39:10 +0000 2020, -79.272570, 43.629311, D4L is a CRAZY track! 
Keith_JR95, Fri May 01 04:39:10 +0000 2020, -79.857363, 36.090397, BBC ( pause ) 
SeriousMolly, Fri May 01 04:39:10 +0000 2020, -122.435979, 37.770657, Ok but like actually. Where WOULD we walk? Where WOULD we run? If we Could stay all day in the sun? 
cjriver3, Fri May 01 04:39:10 +0000 2020, -122.205437, 47.306631, @jlindsayfilmListened to 3rd eye blind new song. Love it! Next thing on you tube was this. LMAO.â€¦ https://t.co/xbL1lYJVmc 
SheLuvsMyCurlss, Fri May 01 04:39:10 +0000 2020, -76.772239, 38.936694, iâ€™m tryna get my sleeve finished, a quarter leg sleeve, a tattoo behind me ear/neck, and something added on to my bâ€¦ https://t.co/toh2RLziEA 
kittykarol, Fri May 01 04:39:10 +0000 2020, -74.066663, 40.718001, @Sally__G already did ğŸ˜­ğŸ˜­ğŸ˜­ 
Derrick99023148, Fri May 01 04:39:11 +0000 2020, -92.331100, 34.736000, *I Don't Own The Rights To This Beat*ğŸ”¥ğŸ”¥ğŸ¤¯ğŸ¤¯ğŸ¤«ğŸ¤« It's In Her! @ Little Rock, Arkansas https://t.co/79oYgR7wEv 
DawayaneJ, Fri May 01 04:39:11 +0000 2020, -118.411907, 34.020789, @alexgreen713 https://t.co/4z1yUzpmB8 
ybmTeengs, Fri May 01 04:39:11 +0000 2020, -122.160767, 47.450625, @Marteen I think I hold the world record for the most listens to Turned Off 
SquiztheProd, Fri May 01 04:39:11 +0000 2020, -75.117998, 40.004866, You had desires... I know I know I know 
_1daija, Fri May 01 04:39:11 +0000 2020, -75.117998, 40.004866, I want some banana pudding ğŸ˜– 
pelican300, Fri May 01 04:39:11 +0000 2020, -118.156711, 33.809172, Tomorrow I shall grind it https://t.co/NVdHKOwYgq 
__papi__b, Fri May 01 04:39:11 +0000 2020, -82.218394, 27.931680, @Jordanlisette1 Go to Apple Music ğŸ˜Š 
JackLawrenceXXX, Fri May 01 04:39:11 +0000 2020, -115.223125, 36.232915, Yep.   The whole world is laughing at them too.  Please give them small condoms so they donâ€™t reproduce.... 
Brendaaf__, Fri May 01 04:39:11 +0000 2020, -120.848970, 37.404284, How freakin cute are my Need Coffee pjs from @FashionNova ğŸ˜â˜•ï¸ https://t.co/755KyhD9bD 
tokeevia, Fri May 01 04:39:11 +0000 2020, -89.922029, 35.133521, https://t.co/PCdfPWT0KZ 
_makaylajodawn, Fri May 01 04:39:11 +0000 2020, -95.446486, 29.838495, Saw a planetarium on TikTok and realized Iâ€™ve never been to one. So after quarantine, I know whatâ€™s on my list. 
HalieManzo, Fri May 01 04:39:11 +0000 2020, -82.669467, 40.365160, The old me: barefoot all the time. Wild n freeMe after getting ugg slippers: my toes will never touch the ground ever again bye 
kaykaylatta, Fri May 01 04:39:11 +0000 2020, -83.030573, 42.581306, @GabbieHanna picture explains it all. Already canâ€™t get enough! â¤ï¸â¤ï¸â¤ï¸ğŸ¤¤ https://t.co/c1gty1gm5E 
aquivenezuela2, Fri May 01 04:39:11 +0000 2020, -80.369153, 25.825643, @diegoscharifker Tenemos que llegar al millÃ³n rÃ¡pido https://t.co/FeVwofGe9u https://t.co/HDIczOu1Rg 
nolajazzmuseum, Fri May 01 04:39:11 +0000 2020, -90.011008, 29.982601, Thanks for making our @IntlJazzDay event a success! We streamed 8 concerts on Facebook &amp; the @SofaKingFest site, raâ€¦ https://t.co/a6bn0cSDtt 
lynnemaren1, Fri May 01 04:39:11 +0000 2020, -104.922093, 39.713563, @joeliezak @alexsalvinews Shut up 
nemocptain, Fri May 01 04:39:11 +0000 2020, -100.482749, 25.583500, Â¿Llego tarde? Ese dÃ­a, mi papÃ¡ me escribiÃ³ detrÃ¡s del pase lo que dirÃ­a, pero en cuanto "Pipo" se me acercÃ³ y me prâ€¦ https://t.co/yned7T4TPL 
jbbudgor, Fri May 01 04:39:11 +0000 2020, -73.225773, 44.492599, @VinnieTortorich Vegan dog food? Definitely deserving of the fourth H tonight 
DavePalet, Fri May 01 04:39:11 +0000 2020, -117.022463, 32.633767, @NutsN6olts Iâ€™ll be happy to. Week 8 or 9 he has to be in the discussion for rookie of the year. You have to donateâ€¦ https://t.co/YTFMOLXcL7 
Papi_Drewlo_, Fri May 01 04:39:12 +0000 2020, -84.433106, 33.767195, I still love you til my last days 
MinusPeach, Fri May 01 04:39:12 +0000 2020, -122.330602, 47.614817, Toph was the hottest character in Avatar and nobody can convince me otherwise. 
wlfrdtrrs, Fri May 01 04:39:12 +0000 2020, -87.732013, 41.833585, @officialtaygray I canâ€™t handle thissss itâ€™s just too much https://t.co/2hxarkpoCw 
chusbarrera, Fri May 01 04:39:12 +0000 2020, -73.948775, 40.655138, @maviguarique La estaba cantando hoy 
perezelvin02, Fri May 01 04:39:12 +0000 2020, -72.929158, 41.298394, * acaso. 
veuveCneeB, Fri May 01 04:39:12 +0000 2020, -98.486394, 29.689818, @RueBeStill Youâ€™re welcome!  My dau (ğŸ¹)&amp; her hubby (ğŸ¥) tell me to watch...I think I should base on your â€œpanoorin ko pala ulit.â€ğŸ˜¬ 
jaimelynn5116, Fri May 01 04:39:12 +0000 2020, -81.997915, 37.757763, @WilliamAMalone2 @Sassysoutherne3 @cinarte1956 @cindy_nurse @CDots76 @coad_dona @killabeas69 @HBergsjoe @johnrzmeâ€¦ https://t.co/Xu1FYu0V4e 
kingmelooo, Fri May 01 04:39:12 +0000 2020, -79.861034, 35.170499, me 
HeyMrE_tvdsb, Fri May 01 04:39:12 +0000 2020, -81.248786, 42.948841, @trishahm @coach_scarps @deanna_annett @mmekeuken @DrewPlayford @MrsKaraMartone 
kizzykiya, Fri May 01 04:39:12 +0000 2020, -76.620482, 39.284713, yeah this one did it for meğŸ˜” 
agonyandfriends, Fri May 01 04:39:12 +0000 2020, -73.948775, 40.655138, ON GODD 
Paul71635468, Fri May 01 04:39:12 +0000 2020, -87.102400, 37.765135, @1414_Kayla Thanks for calling me a cutie 
samoan_fui, Fri May 01 04:39:12 +0000 2020, -113.577765, 37.085582, Onlyfans girls who was about to applaud in the first half : https://t.co/G70sCwshfq 
shaneevent, Fri May 01 04:39:12 +0000 2020, -82.306723, 27.827367, @BWWings Bruno Fernandes 
HiYellowGuy, Fri May 01 04:39:12 +0000 2020, -78.657837, 35.843981, Loss you to the game, and I see why... 
PattyTheBlackCa, Fri May 01 04:39:13 +0000 2020, -83.173867, 32.678207, @LifeWithJohn Hi there! Feeling pretty good despite the current conditions. Really want to get back to work. 
Rod1811_, Fri May 01 04:39:13 +0000 2020, -89.569491, 44.900818, Good handful of these drake songs been out 
Qoach_Nick, Fri May 01 04:39:13 +0000 2020, -82.306723, 27.827367, How you gone make it to the top by just fitting in - Drizzy #DarkLane 
alfetello, Fri May 01 04:39:13 +0000 2020, -98.245675, 26.240690, @calbert57 @DeniseDresserG Pos que te hicieron patrÃ³n? 
Chowrilka, Fri May 01 04:39:13 +0000 2020, -121.760079, 37.683592, 24. 
WaVyDRE__, Fri May 01 04:39:13 +0000 2020, -84.433106, 33.767195, Ok my heart is black so thatâ€™s why cars is red inside 
only_1nicoyia, Fri May 01 04:39:13 +0000 2020, -83.173867, 32.678207, ğŸ¤£ğŸ˜‚ hoe donâ€™t be tweeting bout me and ian iâ€™m here!!! wha i do?! 
JuJu_Bee53, Fri May 01 04:39:13 +0000 2020, -76.620482, 39.284713, I like Baby Mama by Brandy but that chance verse was pointless ğŸ¤¦ğŸ½â€â™‚ï¸ 
zagupoz, Fri May 01 04:39:13 +0000 2020, -117.434547, 47.667438, @domtog83 TouchÃ© 
larrymondo1, Fri May 01 04:39:13 +0000 2020, -119.306608, 37.269176, What the hell is that 2nd from the left. Are the Dorr brothers raiding zoos now. 
sae_miguel96, Fri May 01 04:39:13 +0000 2020, -119.306608, 37.269176, @PitaaaLovee 
kitake__, Fri May 01 04:39:13 +0000 2020, -95.446486, 29.838495, Staying safe God watching over me ğŸ’¯ 
BradynDosher, Fri May 01 04:39:13 +0000 2020, -89.876449, 32.571032, @ColdSpaghetti25 @garrettttleeee Iâ€™m waiting for yâ€™all to read my applicationğŸ˜¤ 
cityguy60606, Fri May 01 04:39:14 +0000 2020, -87.732013, 41.833585, @GOP @realDonaldTrump Woo hoo!   Only 63,000 dead due to Trump's incompetence.  Yes, let's celebrate Tubby!   Well done. 
baby__kojo, Fri May 01 04:39:14 +0000 2020, -79.272570, 43.629311, Why nobody talking abt this track shit heat ğŸ”¥ğŸ”¥ğŸ”¥ğŸ”¥ğŸ”¥ğŸ”¥ğŸ”¥ğŸ”¥ğŸ”¥ğŸ”¥ https://t.co/ZiKkNModXn 
peaceloveluck7, Fri May 01 04:39:14 +0000 2020, -79.272570, 43.629311, @romanpclarke It's accurate 
ZGamp, Fri May 01 04:39:14 +0000 2020, -121.469664, 38.561722, ğŸ¤£ğŸ˜‚ğŸ˜… man the hate on Jimmy G is so real. 
la_naaa02, Fri May 01 04:39:14 +0000 2020, -108.843674, 35.070121, Sometimes I feel like I'll be alone forever! ğŸ˜­ 
DehiscentV, Fri May 01 04:39:14 +0000 2020, -122.468593, 48.937848, @pattonoswalt Then, after arresting them...pack â€˜em into train cars and send them to places where they can be tortuâ€¦ https://t.co/O4yKXtgtOP 
basstoaster, Fri May 01 04:39:15 +0000 2020, -84.266174, 30.476216, So do i make a new Apple Music account to get the free trial so i can listen to this nectar mixtape? Yes or yes? 
jazminekiana, Fri May 01 04:39:15 +0000 2020, -83.641199, 32.582630, @EFord17451 @lizacynthiaa @ylo_gang_ Or you can mind your damn business. 
yungsnxw, Fri May 01 04:39:15 +0000 2020, -77.236969, 38.805115, iâ€™m back baby where the love?? 
lavidadebrenda, Fri May 01 04:39:15 +0000 2020, -73.968542, 40.780709, Me listening to Drakeâ€™s new album writing all the lyrics I like for picture captions https://t.co/gtyJCF9JAU 
davannisosa, Fri May 01 04:39:15 +0000 2020, -84.644926, 33.779824, @ExtendoBans https://t.co/Gw31uyE7oE 
kushjordan, Fri May 01 04:39:15 +0000 2020, -96.761753, 32.819858, @holtboggs Agreed. Everything happens for a reason. This is our time to shine 
melissabrouse1, Fri May 01 04:39:15 +0000 2020, -77.604684, 41.117936, @b_2turnt @J_Brouse AHAHAHAHAHAHAHAHAH 
sronzino, Fri May 01 04:39:15 +0000 2020, -83.804475, 27.698682, @soledadobrien Reminds me of Hoover who had files on everyone and threatened to use information in those files agaiâ€¦ https://t.co/SUrP8zic3P 
_Chosek, Fri May 01 04:39:15 +0000 2020, -80.631132, 35.401981, @Makayla2x You canâ€™t tell me she dontğŸ˜‚ 
ImaReal_LiveG, Fri May 01 04:39:15 +0000 2020, -81.705467, 41.495940, @FrecklefaceSugg Wydn 
siddinpretty, Fri May 01 04:39:15 +0000 2020, -77.014398, 38.898603, Goofy 
dios_perdona, Fri May 01 04:39:15 +0000 2020, -118.346153, 33.953633, How yâ€™all feel about Playboi switching up his sound. 
ABSOTHEGREAT, Fri May 01 04:39:15 +0000 2020, -73.831187, 40.670879, @RAW_SPK Real niggas know. Drake rappin is still better than most good rappers. Pusha is just surgical wit his. 
Mikeisha_J, Fri May 01 04:39:16 +0000 2020, -90.011008, 29.982601, ğŸ˜‚ğŸ˜‚ğŸ˜‚ 
nitocatt, Fri May 01 04:39:16 +0000 2020, -118.214044, 33.978926, Drunk so I type "Je t'aime" but don't hit send 
Nate_GreatFit, Fri May 01 04:39:16 +0000 2020, -98.245675, 26.240690, â€œI GET THE MONEY, EIGHT WAYS LIKE AN OCTOPUS!â€ğŸ”¥ğŸ˜¤ @wsobe12 @lilbaby4PF 
matthewklein316, Fri May 01 04:39:16 +0000 2020, -94.097256, 33.430735, @SooDLee @ComicModern Iâ€™m sorry I donâ€™t recognize her. Whatâ€™s she from? 
JDavidElwood, Fri May 01 04:39:16 +0000 2020, -83.621276, 42.654001, @MERRYJANE You should expand your social media reach and manage all your #SocialMedia sites from one Boominâ€™ site.â€¦ https://t.co/Jql5vNbnfP 
TonyShappy, Fri May 01 04:39:16 +0000 2020, -115.133373, 36.249124, Practicing #SocialDistancing being far away from the City of LV just to see how bad the haze is over the city becauâ€¦ https://t.co/ojdBCWphNS 
revchrisgriffin, Fri May 01 04:39:16 +0000 2020, -87.732013, 41.833585, Another milestone! Weâ€™re proud of our awesome youngest daughter, Ashley Griffin as she receives her Master of Scienâ€¦ https://t.co/PfEPcuaSSg 
someguywcancer, Fri May 01 04:39:16 +0000 2020, -93.131458, 35.278580, How tf does media in Texas be this incompetent talking about firearms 
GajCannon11, Fri May 01 04:39:16 +0000 2020, -78.853563, 42.896230, Now she want some lasik just to see the bag clearer that way she can chase it ğŸ¤¦â€â™‚ï¸ğŸ˜‚ğŸ˜‚ğŸ˜‚ 
tanzy_35, Fri May 01 04:39:16 +0000 2020, -86.441236, 39.766555, #DrakeLaneDemoTapes got me like.. https://t.co/3JSVTMY6B2 
mkayjonae, Fri May 01 04:39:16 +0000 2020, -76.921232, 38.848156, @kiyaaaahx_ highly disappointed ğŸ˜­ğŸ˜­ 
elmerrivera33, Fri May 01 04:39:16 +0000 2020, -73.667436, 41.006242, @Dom_kmr #FelizViernes 
_PrettyNe__, Fri May 01 04:39:16 +0000 2020, -90.158017, 32.230987, I'm with all that so 
tweetsbykeezy, Fri May 01 04:39:16 +0000 2020, -91.090800, 30.459100, @KingKay733 Lol why not 
jasmined_brown, Fri May 01 04:39:16 +0000 2020, -72.787274, 41.679872, @PastorCarlDay Which parts? Lol 
papajenju, Fri May 01 04:39:16 +0000 2020, -106.417430, 31.793368, why is twitter so LOUD rn 
CHHuskyFootball, Fri May 01 04:39:16 +0000 2020, -117.721761, 33.972516, @FootbaIIism Itâ€™s hard when you see players refusing to push themselves. I see kids that want offers but canâ€™t runâ€¦ https://t.co/AnzrkXMOwK 
pbfa, Fri May 01 04:39:16 +0000 2020, -112.124676, 33.552863, @coreybking Where? For research purposes only, yunno? 
StevenWoods9, Fri May 01 04:39:16 +0000 2020, -78.895441, 35.990983, @MaseMills_tw  we memorizing the lyrics by monday dawg 
clay_png, Fri May 01 04:39:17 +0000 2020, -93.377416, 45.180106, @Iiahatesithere same lol 
yungfant_, Fri May 01 04:39:17 +0000 2020, -118.411907, 34.020789, THAT NEW DRIZZY SLAPS 
TweetswithLogan, Fri May 01 04:39:17 +0000 2020, -83.173867, 32.678207, @SUPERKICKBYHBK @LowkeySesh That nigga donâ€™t know music lol 
Pjohnson0071, Fri May 01 04:39:17 +0000 2020, -86.270540, 45.001180, @Olivia40451491 @unionhallgener1 @kenolin1 Kangaroos are great? 
LacortePatricia, Fri May 01 04:39:17 +0000 2020, -73.948775, 40.655138, @ChuckCallesto Drop dead 
TheBannedGirl, Fri May 01 04:39:17 +0000 2020, -111.787120, 34.858280, https://t.co/LRRNaaBk4V 
nikkiestacks, Fri May 01 04:39:17 +0000 2020, -80.244984, 36.087169, Drake canâ€™t miss in my eyes. 
JosephRyciak, Fri May 01 04:39:17 +0000 2020, -117.772917, 34.065450, @MattBreida This one hurt best of luck in Miami âœŠğŸ’ª 
mischiefmags, Fri May 01 04:39:17 +0000 2020, -72.757385, 41.500753, @realTuckFrumper Letâ€™s go quid pro quo - the current admin releases ALL financial documents for the last decade INCâ€¦ https://t.co/2T7xaPaGFh 
MikeSeberger, Fri May 01 04:39:17 +0000 2020, -88.218062, 41.902892, @BidenInsultBot @treytech70 https://t.co/uacfCp4QLt 
NewStackss_, Fri May 01 04:39:17 +0000 2020, -90.011008, 29.982601, Literally 
GoldBlooded79, Fri May 01 04:39:17 +0000 2020, -97.188596, 31.455330, This is exactly why I wasn't upset when we didn't draft Lamb, Ruggs, or Jeudy with the 13th. We got a beast ready tâ€¦ https://t.co/85iU9J8Mia 
LaurieE94001137, Fri May 01 04:39:17 +0000 2020, -116.238001, 43.598033, @JoannPiccin @RyanAFournier @Teejai14165353 I 100% agree 
asapchl6e, Fri May 01 04:39:17 +0000 2020, -95.508925, 29.574284, The stories i have with uber and late nights w my friends........ ğŸ˜‚ 
ItsMonasia, Fri May 01 04:39:17 +0000 2020, -74.184848, 40.734494, Nahh Drake official album about to be fire 
haannaahnicole, Fri May 01 04:39:17 +0000 2020, -98.540651, 29.417501, ğŸ’— 
RyanLouis__, Fri May 01 04:39:17 +0000 2020, -79.961298, 40.330700, ğŸ¤¯ğŸ¤¯ğŸ¤¯ğŸ”¥ğŸ”¥ğŸ”¥ğŸ”¥ğŸ”¥ğŸ”¥ğŸ”¥ğŸ”¥ğŸ”¥ğŸ”¥ğŸ”¥ğŸ”¥ğŸ”¥ğŸ”¥ğŸ”¥ğŸ”¥ğŸ¤¯ğŸ¤¯ğŸ¤¯ğŸ¤¯ğŸ¤¯ğŸ¤¯ğŸ¤¯ğŸ¤¯ğŸ¤¯ğŸ¤¯ğŸ¤¯ğŸ¤¯ğŸ¤¯ğŸ¤¯ğŸ¤¯ğŸ¤¯ğŸ¤¯ğŸ¤¯ğŸ¤¯ğŸ¤¯ğŸ¤¯ğŸ¤¯ğŸ¤¯ğŸ¤¯ğŸ¤¯ğŸ¤¯ğŸ¤¯.... JOANNNNNAAAAAAA!  #GoodToKnow is VIBEEEEEEEE! From start to finiâ€¦ https://t.co/uC6FxUmi6W 
SooSUSPENDED, Fri May 01 04:39:17 +0000 2020, -73.831187, 40.670879, I love seeing talent win. My heart so full. 
DJL_4, Fri May 01 04:39:17 +0000 2020, -90.321127, 32.336413, This life is something you get lost in! 
taurusinforest, Fri May 01 04:39:18 +0000 2020, -105.550890, 38.997936, Hozierâ€™s self titled album always melts my heart away, I fucking love that man 
jorgesant1ago, Fri May 01 04:39:18 +0000 2020, -83.804475, 27.698682, @ladolcevictoria Is that a Drake song? 
minseon_ku, Fri May 01 04:39:18 +0000 2020, -82.985772, 39.994684, @poliscipunk That was my hypothesis (Kor-Jap relative econ power correlating w SKoreaâ€™s globalizing comfort women iâ€¦ https://t.co/NSonJ9CZMw 
kathy_ritch, Fri May 01 04:39:18 +0000 2020, -120.583402, 44.145437, @w_terrence You are 1 of God's children and you have every right to stand up for who or what you want! I look forwaâ€¦ https://t.co/vwKLWv2YQy 
black_ty, Fri May 01 04:39:18 +0000 2020, -123.279343, 44.569246, Letâ€™s see what this drake hitting for. https://t.co/yduXcQae18 
_babyjxo, Fri May 01 04:39:18 +0000 2020, -106.632718, 35.117002, Baby let it go and you gon miss it 
BorumCborum, Fri May 01 04:39:18 +0000 2020, -95.446486, 29.838495, @ChrisBEsq @thehill Well, no foresight plus he wanted their salaries to pay for his useless wall and tax cuts for his cronies. 
LORDFAMOUS876, Fri May 01 04:39:18 +0000 2020, -80.230635, 26.204792, Hombre, dem days ya me usually wish the coaster driver Wuda drive slow so me can hear the wull a Di mix cd 
splashfordd, Fri May 01 04:39:18 +0000 2020, -93.262046, 44.970610, @vedangraul Will have to go through a really long list to do so lmao. 
dogbitdude, Fri May 01 04:39:18 +0000 2020, -84.519719, 39.267625, @FOX19Tricia Itâ€™s definitely challenging- Iâ€™m surprised how many customers in Kroger donâ€™t wear masks - ğŸ™„ of courseâ€¦ https://t.co/WmeSbYoljl 
Just_JayyTee, Fri May 01 04:39:18 +0000 2020, -84.212973, 33.850397, @inmanparklegend WHOLE LOTTA MIDDDDDDDD BRUV ... 
ZacknPhilly, Fri May 01 04:39:18 +0000 2020, -77.604684, 41.117936, @TBSBraves Indians 
KnolesMichael, Fri May 01 04:39:19 +0000 2020, -114.143262, 45.494552, @HelenResists Make sure you bake some cookies or something too 
lu_lu52, Fri May 01 04:39:19 +0000 2020, -73.703115, 40.686386, @Acosta Another example of Trump's inability to accept responsibility. 
jerem_baldwin, Fri May 01 04:39:19 +0000 2020, -97.432425, 27.737151, I literally had no idea this was going on until the last minute! 
estoyconbukele, Fri May 01 04:39:19 +0000 2020, -79.420865, 38.003376, @Viejacascarrab1 @noralymc @Yesse82192666 @Yudybonilla7 @YamillethVelas1 @Guillen411 @MaraBon19143484â€¦ https://t.co/jdg34M80la 
CarboBrendon, Fri May 01 04:39:19 +0000 2020, -122.232934, 37.497293, @xxiimag Thatâ€™s what Iâ€™m sayin!!! That beat had maddd potential and Carti came on with this weak...he really hates us ğŸ˜ª 
dylancubi, Fri May 01 04:39:19 +0000 2020, -110.915573, 32.189391, Pain 1993 - what was that 
jeanrebecca, Fri May 01 04:39:19 +0000 2020, -117.104989, 32.810012, Thank you @Drake ğŸ™ğŸ¼ a trillion times thank you!! 
deshannamulatto, Fri May 01 04:39:19 +0000 2020, -81.661524, 26.599808, TAKE ME TO THE MOON BITCH ILL GET DROPPED OFF 
theej_moss, Fri May 01 04:39:19 +0000 2020, -83.173867, 32.678207, Itâ€™s the Queenâ€™s birthday! Happy birthday, Mama! I love you! https://t.co/VSWUhh43dY 
albvrto_, Fri May 01 04:39:19 +0000 2020, -100.076888, 31.168893, carti 0-2 
JG_Trilll, Fri May 01 04:39:19 +0000 2020, -91.090800, 30.459100, https://t.co/2lGiEZA3p4 
t0yin0nline, Fri May 01 04:39:19 +0000 2020, -73.948775, 40.655138, i have a hard time telling people itâ€™s my birthday on my birthday. 
jassminevibez, Fri May 01 04:39:19 +0000 2020, -166.599693, 23.691364, @haleykinns_ Then throw her in the ocean after like shaboo ya 
_alizexo, Fri May 01 04:39:20 +0000 2020, -71.421832, 41.817084, @_abaxo ğŸ˜‚ğŸ˜‚ 
bunnie56274335, Fri May 01 04:39:20 +0000 2020, -73.948775, 40.655138, @MalcolmNance @MarianneDavy1 This is what trump wants to start civil unrest to keep his Nazi Dictatorship in power 
Catalina_isaa, Fri May 01 04:39:20 +0000 2020, -100.076888, 31.168893, D N D 
playboi316, Fri May 01 04:39:20 +0000 2020, -83.173867, 32.678207, I canâ€™t even defend bro after tonight no more it hurt 
melanie90744, Fri May 01 04:39:20 +0000 2020, -118.411907, 34.020789, iâ€™m waiting on that lil baby deluxeeeğŸ˜— 
MrsRaider_Dave, Fri May 01 04:39:20 +0000 2020, -121.760079, 37.683592, Hey @jimmykimmel - Area 51 *is* in Roswell, NM... NOT Nevada. #WhoWantsToBeAMillionaire @MillionaireTV 
LaNacaDeEli, Fri May 01 04:39:20 +0000 2020, -117.282172, 33.832867, @flg_____ I need all the tea 
soyjnn, Fri May 01 04:39:20 +0000 2020, -96.761753, 32.819858, Cough on rapists 
Matt_Dooley12, Fri May 01 04:39:20 +0000 2020, -80.846785, 35.209059, @ryuzaki_cs @UltimateKal10 @NTS_CSGO @9treyy @godWILLdestroy @mesamiduckCS @giraffley @N0cturne12 Kal we literallyâ€¦ https://t.co/Ugsf1kCCtQ 
darrendub, Fri May 01 04:39:20 +0000 2020, -122.435979, 37.770657, !!! https://t.co/IZXFrXUEeO 
JLeedynasty, Fri May 01 04:39:20 +0000 2020, -81.620173, 31.827507, ğŸ˜‚ğŸ˜‚ 
maaanixo, Fri May 01 04:39:20 +0000 2020, -81.576050, 30.767784, @Krystie_S Dm me lil bby ğŸ˜‰ 
krystal_sarson, Fri May 01 04:39:20 +0000 2020, -77.187873, 38.863045, .@CodySIO I'm watching @noeggsplease play pacify and all I'm saying is...you should definitely play ğŸ˜‚ I think you'd like it 
jlowy36, Fri May 01 04:39:20 +0000 2020, -90.011008, 29.982601, https://t.co/IhfbgHpY7l https://t.co/g2XYO0QUOB 
alekxgella, Fri May 01 04:39:20 +0000 2020, -96.070190, 46.287523, Bibo man akong twitter uy abi kog si dawn sa girltrendds kay ngbash kay Duterte mali diay hahah sleep balik 
livelikekawai, Fri May 01 04:39:20 +0000 2020, -158.069430, 21.344561, @dezhemmings Omggg I love you dearlyğŸ¥ºğŸ¥º 
HS_36, Fri May 01 04:39:20 +0000 2020, -96.696562, 40.803235, @TripleL2315 @2323Cade you gotta show this to your mom for me 
RunWashington, Fri May 01 04:39:20 +0000 2020, -77.014398, 38.898603, @williamedocs But for a dual meet? I know the scale is much bigger inland, but I canâ€™t believe there isnâ€™t anotherâ€¦ https://t.co/PAHQmLr6Q3 
squilzathome, Fri May 01 04:39:20 +0000 2020, -90.011008, 29.982601, literally the only partnof the album worth listening to 
revrlewell, Fri May 01 04:39:20 +0000 2020, -97.155833, 31.551389, Just posted a photo @ Waco, Texas https://t.co/YBy7zTUaUm 
heyitsosman, Fri May 01 04:39:21 +0000 2020, -73.938142, 42.803134, WHAT IS THIS 
dwillthevoice2, Fri May 01 04:39:20 +0000 2020, -93.337281, 45.023528, â€œFend For Ourselfâ€ (Official Video) Shot by @Gouda612 Is Out Now: https://t.co/Q1uIYiCQ4HItâ€™s From My EP â€œA Hard Lâ€¦ https://t.co/HsmOLxR5qo 
the0nlyDREW, Fri May 01 04:39:21 +0000 2020, -96.863795, 32.604153, Used to be antisocial, now Iâ€™m makin friends. 
peachfus, Fri May 01 04:39:21 +0000 2020, -86.441236, 39.766555, Just found out @fundiego268 is litterly 5â€™2â€™â€™. 
ochoa_karely19, Fri May 01 04:39:21 +0000 2020, -100.076888, 31.168893, ok, ig :((( 
chrismetts23, Fri May 01 04:39:21 +0000 2020, -81.111916, 34.057336, @Star_Dragons72 ğŸ˜‰ğŸ˜‰ Yeah 
Bgbiskite, Fri May 01 04:39:21 +0000 2020, -86.706010, 36.333413, ğŸ¥º 
Scottvickers27, Fri May 01 04:39:21 +0000 2020, -88.336118, 41.690508, @tgunn21 @jrichardgoodman Iâ€™m strictly doing rapper lists and greatest chefs going forward 
rudysarzo, Fri May 01 04:39:21 +0000 2020, -118.411907, 34.020789, Jefferson, thanks for reading Off the Rails ğŸ™ğŸ»ğŸ¸ğŸ™ğŸ» 
rdsanchezjr, Fri May 01 04:39:21 +0000 2020, -117.874032, 33.617638, @NhCardona603 @ProudResister @StephMillerShow @frangeladuo @JackiSchechner @JohnFugelsang @bobcesca_goâ€¦ https://t.co/9Fgox5klZW 
pavelsanchez, Fri May 01 04:39:21 +0000 2020, -107.342056, 24.662488, @aleteranb Ya seeeeee que miedooo 
jlowy36, Fri May 01 04:39:21 +0000 2020, -90.011008, 29.982601, https://t.co/IhfbgHpY7l 
mrwils24, Fri May 01 04:39:22 +0000 2020, -80.846785, 35.209059, @MelodyDanii Favorite track so far! 
farquhartz, Fri May 01 04:39:22 +0000 2020, -89.266508, 39.739300, @KevinOConnorTOH @TomSilvaTOH 1/ My first house was a summer cabin that had been converted to full year use sometimâ€¦ https://t.co/lkwUGK1pPa 
Bnasty11, Fri May 01 04:39:22 +0000 2020, -80.177668, 25.905606, Lmaooooooo 
christahjay, Fri May 01 04:39:22 +0000 2020, -96.761753, 32.819858, Nicki was bussin shots you hoes got 24 hr to respond 
BOMB__diggidy, Fri May 01 04:39:22 +0000 2020, -96.761753, 32.819858, @ohkaaykkaay @melgotthatwett Period 
BoogieFONTE, Fri May 01 04:39:22 +0000 2020, -95.538134, 30.337514, This Bitch All The Way Live. 
XanderMxxx, Fri May 01 04:39:22 +0000 2020, -86.142922, 39.779562, @NMAggie94 Thanks for the follow 
Thecannon408, Fri May 01 04:39:22 +0000 2020, -111.931711, 34.168253, Often times I feel like I'm going to be @itsgabrielleu in daddy's little girls dating a man with 3 to 4 kids while I have none ğŸ¤£ğŸ¤£ğŸ¤£ğŸ¤£ğŸ¤£ğŸ¤£ 
NaserFarzan, Fri May 01 04:39:22 +0000 2020, -79.616073, 43.555244, CNN...NAZARETH 
koku___a, Fri May 01 04:39:22 +0000 2020, -73.723025, 45.557830, one of the worst mistakes you can make in life is underestimate the power of one individual. 
Unternehmer85, Fri May 01 04:39:22 +0000 2020, -77.014398, 38.898603, The idiots I chat with that are in their twenties aren't understanding the seriousness of this virus. They think thâ€¦ https://t.co/7ZP53VP6WT 
ellioteibe, Fri May 01 04:39:22 +0000 2020, -80.249773, 26.270261, STREAM GLASS HOUSE STREAM GLASS HOUSE STREAM GLASS HOUSE STREAM GLASS HOUSE STREAM GLASS HOUSE STREAM GLASS HOUSE Sâ€¦ https://t.co/COB9XWjytL 
mothercat51, Fri May 01 04:39:22 +0000 2020, -87.590278, 37.841195, @TeaPainUSA 1)  They're just expressing their God-given rights 2) F***ing traitors! 
N0vaj, Fri May 01 04:39:22 +0000 2020, -76.593943, 24.074967, He ain't Land yet from all that floating 
MoneRashun, Fri May 01 04:39:23 +0000 2020, -90.479380, 30.482053, I need a wife 
iM__Kierra, Fri May 01 04:39:23 +0000 2020, -83.173867, 32.678207, @gotablast Lol itâ€™s been away, rehab winter in Paris and lost kids get money for me 
mvlxvv, Fri May 01 04:39:23 +0000 2020, -98.540651, 29.417501, the fact yâ€™all really finna graduate and leave wow 
Josuedearc, Fri May 01 04:39:23 +0000 2020, -112.124676, 33.552863, I ma he sober all may, every drink i have i ma pay myself $100 ğŸ¥µğŸ¤ªğŸ¤ª 
Naldo131, Fri May 01 04:39:23 +0000 2020, -76.593943, 24.074967, @imprettymemej @ReoDeLv Download the app out AppStore/play store 
MarocDubstep, Fri May 01 04:39:23 +0000 2020, -73.005765, 40.879379, @couchtourdrake ARE YOU KIDDING LMFAO 
DarrenOH12, Fri May 01 04:39:23 +0000 2020, -83.001988, 40.103977, Dear @realDonaldTrump, since the Left wants you to use the Defense Protection Act so much won't you consider usingâ€¦ https://t.co/wgY7Z4oFWr 
Tralen_Palmer, Fri May 01 04:39:23 +0000 2020, -90.079239, 30.404170, Oh this nigga spittin https://t.co/Y0bHkYI4xo 
GameTimeBOOGIE, Fri May 01 04:39:23 +0000 2020, -72.929158, 41.298394, Trae Jefferson and Jordan McCabe are 1-2, keeping it a stock though RT 
Donwoo2, Fri May 01 04:39:23 +0000 2020, -118.411907, 34.020789, Thereâ€™s a world where â€œJCâ€™S VAMPIRESâ€ is a sequel to Near Dark but...it would have been DTV. 
jackelyn_raquel, Fri May 01 04:39:23 +0000 2020, -98.540651, 29.417501, @ileanlikeachoIo kinda 
paubours, Fri May 01 04:39:23 +0000 2020, -111.498181, 28.969863, Un recuero de cuando me podÃ­a ir a planchar las cejas y rizar las pestaÃ±as https://t.co/E9nVYV6rUB 
iamjayjohn, Fri May 01 04:39:23 +0000 2020, -93.809434, 32.461107, I just wanna show u I can do better than what I did before... 
justin_brindley, Fri May 01 04:39:23 +0000 2020, -93.606369, 41.576437, Do it anyways or youâ€™re soft 
ddenimer, Fri May 01 04:39:23 +0000 2020, -73.831187, 40.670879, you know what it is whenever i visit 
WyattMFnGoodwin, Fri May 01 04:39:23 +0000 2020, -122.778100, 42.240875, BRO HOW TF DO PEOPLE EAT RARE STEAK ğŸ¥© ğŸ¤¢ 
JayUgalde, Fri May 01 04:39:23 +0000 2020, -80.233328, 25.782353, @TheNBACentral Yeah... theyâ€™re a top 5 player away kinda â€œcloseâ€ you big dummy! 
d1jamx, Fri May 01 04:39:24 +0000 2020, -77.014398, 38.898603, @therobstalobsta we have ourselves a waffle fry guy 
angelthebeatles, Fri May 01 04:39:24 +0000 2020, -100.293591, 25.641718, QUÃ‰ SERIE TAN BONITA ES THE GOOD PLACE ğŸ˜­ğŸ˜­ğŸ˜­ğŸ˜­ğŸ˜­ğŸ˜­ğŸ˜­ğŸ˜­ğŸ˜­ğŸ˜­ 
AbliusKarfax, Fri May 01 04:39:24 +0000 2020, -91.585191, 41.698276, Ğ›Ğ¾Ğ», Ğ½Ğ° ĞºĞ°Ñ€Ğ°Ğ½Ñ‚Ğ¸Ğ½Ğµ Ñ ÑÑ‚Ğ°Ğ» Ñ…Ğ¾Ğ´Ğ¸Ñ‚ÑŒ Ğ±Ğ¾Ğ»ÑŒÑˆĞµ, Ñ‡ĞµĞ¼ Ğ´Ğ¾ Ğ½ĞµĞ³Ğ¾. ĞĞ°Ğ¼Ğ°Ñ‚Ñ‹Ğ²Ğ°Ñ ĞºÑ€ÑƒĞ³Ğ¸ Ğ¿Ğ¾ ĞºĞ¾Ğ¼Ğ½Ğ°Ñ‚Ğµ, ĞµÑĞ»Ğ¸ Ñ‡Ñ‚Ğ¾ https://t.co/ZV0vwYg4JY 
_AutumnMatic, Fri May 01 04:39:24 +0000 2020, -77.604684, 41.117936, @sillysweetskunk It is sad! 
_Coourtneyyy, Fri May 01 04:39:24 +0000 2020, -85.996819, 39.870397, I think Iâ€™m competitive to the point where itâ€™s slightly unhealthy 
stillT0XIC, Fri May 01 04:39:24 +0000 2020, -77.493170, 37.529883, Reason #293893920 why I be thinking yâ€™all either late or Iâ€™m just way too advanced ğŸ¥´..... This is not new news buâ€¦ https://t.co/B0YgXWz1eU 
mattmeans10, Fri May 01 04:39:24 +0000 2020, -75.117998, 40.004866, @DavidWMooney1 @RepAdamSchiff @Google @YouTube @Twitter Very well said thank you 
KarmaOnDeck_702, Fri May 01 04:39:24 +0000 2020, -113.576610, 37.107860, A lil time at the office. FEELING SALTY!! @ B R E A T H E  of St George https://t.co/Av4sZkorVz 
pj_thomas, Fri May 01 04:39:24 +0000 2020, -104.922093, 39.713563, From Florida w â¤ï¸ ğŸ˜±ğŸ˜±ğŸ¤¦â€â™‚ï¸ğŸ¤¦â€â™‚ï¸ 
megerz567, Fri May 01 04:39:24 +0000 2020, -117.562152, 34.121670, stop looking for happiness in the person who took it from you in the first place. 
carmaynard, Fri May 01 04:39:24 +0000 2020, -95.496670, 30.169640, Birthday Cakes in Quarantine Many families celebrated birthdays in special places such as a special restaurant, onâ€¦ https://t.co/uowAQ6LtO6 
lxciatovar, Fri May 01 04:39:24 +0000 2020, -122.579445, 38.583315, @evelinizzle I seriously LOVE you!ğŸ’– 
jan__kt, Fri May 01 04:39:24 +0000 2020, -118.411907, 34.020789, D4L ğŸ˜¯ 
notkobyocho, Fri May 01 04:39:24 +0000 2020, -85.722346, 38.195555, LMAO 
deangeloxj_, Fri May 01 04:39:24 +0000 2020, -117.730006, 33.560742, â€œHulu has live sportsâ€ #AloneTogether https://t.co/aCUfcN02DK 
mandubarb, Fri May 01 04:39:24 +0000 2020, -73.780318, 41.190203, migas que tem Kindle me ajuda aquiquero comprar um mas morro de medo. Odeio ler coisas na internet (tipo livro on-â€¦ https://t.co/6qlvlocQrE 
chelarobbins, Fri May 01 04:39:25 +0000 2020, -111.635149, 35.182750, I canâ€™t wait for the shoes my honey got me to get here 
grahamj242, Fri May 01 04:39:24 +0000 2020, -123.358379, 48.426730, Francisco Barrios Argentine boy F. Neighborhoods Continues With His Progression Out Of Season And With His Goal Iâ€¦ https://t.co/56nVBhkMmE 
JamieMichelleL, Fri May 01 04:39:25 +0000 2020, -79.861034, 35.170499, @JeffreeStar I have absolutely no shame retweeting myself in prayers that you will see me soon!!! I literally dreamâ€¦ https://t.co/AhOOoJHybH 
404_MyCity, Fri May 01 04:39:25 +0000 2020, -84.433106, 33.767195, @KnownAsRico Am I wrong though lol 
baritonekeith, Fri May 01 04:39:25 +0000 2020, -79.272570, 43.629311, Guess who's the real fun guy in zoom meetings? @Tafelmusik https://t.co/hlhynzaZOG 
DaleNorth, Fri May 01 04:39:25 +0000 2020, -119.306608, 37.269176, Iâ€™m crazy. I love this work. Please, someone beat me down with the wildest workload. 
MyTraceElements, Fri May 01 04:39:25 +0000 2020, -115.133373, 36.249124, Disgusting.  And proof that the Dow has nothing to do with working people.  Wallstreet isn't an indicator of our ecâ€¦ https://t.co/MwWpLkYaBY 
Dean_Schroeder2, Fri May 01 04:39:25 +0000 2020, -93.278974, 44.876290, @GaryDrip Move to the cities 
pulver_shae, Fri May 01 04:39:25 +0000 2020, -118.411907, 34.020789, @lady_eshaa Just got it. 
IlosttheKee, Fri May 01 04:39:25 +0000 2020, -90.945734, 30.285051, Why have the K*rdash/J*nners been so prevalent on social media this week? Itâ€™s real annoying. 
_robynbyrd_, Fri May 01 04:39:25 +0000 2020, -74.214139, 40.766601, Money in a shoebox, we saving it for a rainy day. 
PMulcahy651, Fri May 01 04:39:25 +0000 2020, -93.105649, 44.941516, @ThierryRodgers0 @IndeedRepNick ğŸ˜” 
GahDamnNick, Fri May 01 04:39:25 +0000 2020, -83.173867, 32.678207, Now all yâ€™all taking nudes??? ğŸ™„ğŸ™„ 
donal702, Fri May 01 04:39:25 +0000 2020, -115.234435, 36.018805, Joe Biden doesnâ€™t run his Twitter acc. Have you heard this pedophile talk?? and... He says â€œpeople are dying that hâ€¦ https://t.co/ITTPROM69u 
lord__721, Fri May 01 04:39:26 +0000 2020, -117.104989, 32.810012, Iâ€™ll be debt free soon ğŸ’ªğŸ½ 
markemer, Fri May 01 04:39:26 +0000 2020, -77.297726, 38.813255, @dharmabitch @pabrocb @Rschooley Good point. 
camb1010, Fri May 01 04:39:26 +0000 2020, -84.230650, 33.526882, Lil Baby is a GODğŸ™…ğŸ¾â€â™‚ï¸ 
CaffreyEj, Fri May 01 04:39:26 +0000 2020, -76.620482, 39.284713, The Untold Truth Of Bob Seger https://t.co/2I5CaF3EbS via @YouTube 
JemilaEA, Fri May 01 04:39:26 +0000 2020, -75.800141, 45.248791, Sigh. 
xjazzyphae, Fri May 01 04:39:26 +0000 2020, -80.307064, 25.976124, @dstolaa closed the webpage out... iâ€™m okay ğŸ˜­ 
tired_janei, Fri May 01 04:39:26 +0000 2020, -82.672903, 27.795720, from now on, when I say meet people imma be like, "hi. yea, its Ty - like a bowtie; are you a gemini or leo by chanâ€¦ https://t.co/CpSc7Wa1VS 
Fatherotica, Fri May 01 04:39:26 +0000 2020, -84.433106, 33.767195, I havenâ€™t been grateful Iâ€™ve been hungry. 
frayankees, Fri May 01 04:39:26 +0000 2020, -85.768241, 37.822244, @robbieg430_g Praying. I would really miss it as well.ğŸ˜¢ 
Trodgers_4, Fri May 01 04:39:26 +0000 2020, -92.430839, 35.073112, https://t.co/cL0Ulxh5EK 
wardaallen, Fri May 01 04:39:26 +0000 2020, -122.630908, 45.536402, @Brightly_Burn @MonknMagic @sonyamarie228 @dylanmsmitty Exactly!!! 
bailxyyy, Fri May 01 04:39:26 +0000 2020, -121.739163, 38.558554, drake really just dropped that new album like i wasnâ€™t in my feels enough 
kxmren, Fri May 01 04:39:26 +0000 2020, -75.117998, 40.004866, @0hris itâ€™s cute, itâ€™s giving! 
AlyssaValle07, Fri May 01 04:39:26 +0000 2020, -98.540651, 29.417501, LOVE LOVE LOVE 
RayG0D, Fri May 01 04:39:26 +0000 2020, -81.705467, 41.495940, @AZURIDUH his house looking safe so far 
ItsMonasia, Fri May 01 04:39:27 +0000 2020, -74.184848, 40.734494, This only a likkle preview 
angemon_salas, Fri May 01 04:39:27 +0000 2020, -103.504180, 25.711095, Ya les dije que lo amo â™¥ï¸ 
ComicBossTimmy, Fri May 01 04:39:27 +0000 2020, -118.918886, 34.188478, @waterslap Would have been sicker to post shirtless 
loyalty4ej, Fri May 01 04:39:27 +0000 2020, -81.367773, 28.501678, @Precise216 Damn tall sexy and a big dick 
_MasterWilliam, Fri May 01 04:39:27 +0000 2020, -86.142922, 39.779562, They too late bro..haha itâ€™s a reactive response to what the G-League just did 
ItsKyleSeeley, Fri May 01 04:39:27 +0000 2020, -96.053431, 41.275721, A year straight of football and basketball would actually be awesome and this is how it should be. Start the NBA seâ€¦ https://t.co/OcgdDsZqYv 
chandllor_, Fri May 01 04:39:27 +0000 2020, -122.278486, 37.758798, @PrettiGirl_Mary Love you so much ğŸ’• 
REDDwhiteNblue, Fri May 01 04:39:27 +0000 2020, -90.108205, 29.837246, Give me a lil skin 
hunter2baseball, Fri May 01 04:39:27 +0000 2020, -82.587389, 28.004173, @RashidaTlaib Shut up. Idiot 
parisian_sydney, Fri May 01 04:39:27 +0000 2020, -97.432425, 27.737151, Iâ€™ve never had a friend like that ... and Iâ€™m so gratefulğŸ’œ @trippiekenah 
TaylorDeuce, Fri May 01 04:39:27 +0000 2020, -87.759533, 41.708954, @TheCreativeJC Constructive criticism ainâ€™t never hurt nobody I thought lol 
laurendawsonnn, Fri May 01 04:39:27 +0000 2020, -75.117998, 40.004866, I almost went there yesterday so good to know 
_jaaywoods, Fri May 01 04:39:27 +0000 2020, -98.540651, 29.417501, USE THEM SIS 
WhoisDylan, Fri May 01 04:39:27 +0000 2020, -83.804475, 27.698682, Airports charge you for extra baggage, so does life! How much is it costing you? Let it go!! 
iFabiGuard, Fri May 01 04:39:27 +0000 2020, -83.804475, 27.698682, Y voy para adelante y tengo sueÃ±os enormes y se que metiÃ©ndole el culo a todo se van a dar las cosas y los voy a cuâ€¦ https://t.co/R28zwRmnTt 
LifeAsRizzle, Fri May 01 04:39:27 +0000 2020, -75.117998, 40.004866, Im still stuck that BeyoncÃ© made a song I wanted to delete out my life a song that I canâ€™t stop listening to. 
KayeAkinrinade, Fri May 01 04:39:28 +0000 2020, -76.934487, 38.996971, itâ€™s never a question of whether you should get acquainted with the unknown, because itâ€™s really all we know. We weâ€¦ https://t.co/sA6o1XbyZd 
bev_k_, Fri May 01 04:39:28 +0000 2020, -78.613697, 35.690305, @israelselah at all 
AngieVietmeier, Fri May 01 04:39:28 +0000 2020, -77.604684, 41.117936, @emily_baker714 iâ€™m CRYIN 
ALJ_15, Fri May 01 04:39:28 +0000 2020, -79.861034, 35.170499, Carti verse wasnâ€™t bad bad. To extend his voice like that and for it to sound good was interesting I wish he had hiâ€¦ https://t.co/k4SEgPhjMY 
kwolfnokami, Fri May 01 04:39:28 +0000 2020, -117.104989, 32.810012, @Just_Destined LMAOOOOOO 
tear_rio, Fri May 01 04:39:28 +0000 2020, -89.922029, 35.133521, Son this project is amazing 
JstMyThghts901, Fri May 01 04:39:28 +0000 2020, -86.851177, 35.935017, New Mozzy! 
XanderMxxx, Fri May 01 04:39:28 +0000 2020, -86.142922, 39.779562, @indyboytop88 Thanks for the follow stud 
kevin_depre, Fri May 01 04:39:28 +0000 2020, -75.045641, 39.386240, And it better be worth my while 
DillenDanger, Fri May 01 04:39:28 +0000 2020, -73.948775, 40.655138, @ellementalevil Anyparxia ? 
KismetsbShawn, Fri May 01 04:39:28 +0000 2020, -73.842081, 40.700984, Be wary of jobs that lure you in with 1 and 2, but rob you of 3 and 4. @ Shawnâ€™s Fortress of Solitude https://t.co/sYRSM935Wu 
Trisheeezy, Fri May 01 04:39:28 +0000 2020, -122.162294, 37.705044, Where tf does the time go nowadays... canâ€™t believe itâ€™s Friday again tomorrow. Felt like it was just Sunday yesterday. 
rialize, Fri May 01 04:39:28 +0000 2020, -122.066473, 37.715782, OMGGG SOFA KING GOOD!! ğŸ”¥ğŸ”¥ğŸ”¥ @halsey 
LeeSempeles, Fri May 01 04:39:29 +0000 2020, -79.420865, 38.003376, This is basically what the circle is lmao 
PRosales17_, Fri May 01 04:39:29 +0000 2020, -100.244451, 25.669097, Unas horas mÃ¡s tarde levantariamos nuestra 4ta Champions League.ğŸ†ğŸ†ğŸ†ğŸ† https://t.co/CN0ssgyYOz 
MSgirl29, Fri May 01 04:39:29 +0000 2020, -89.876449, 32.571032, @Jeanine03759792 @Seiginot0ra @Zer020338755 @CNN Trump is a fucking idiot. If you canâ€™t see that, then you are as dumb as him. 
SpenAlex, Fri May 01 04:39:29 +0000 2020, -80.723060, 43.135954, #losers GO home! Unless you want to suffocate when your lungs fill up with blood and fluid due to #COVID19 . Quiteâ€¦ https://t.co/erPTcv9BcG 
Heyitskitti1, Fri May 01 04:39:29 +0000 2020, -81.504908, 31.214489, Get out GINARE 
adw___, Fri May 01 04:39:29 +0000 2020, -75.117998, 40.004866, I like absolutely need an assistant seamstress! 
andersprofeta, Fri May 01 04:39:29 +0000 2020, -83.804475, 27.698682, Drake bodied Pain 1993 but I feel like carti couldâ€™ve did better 
eightyflavours, Fri May 01 04:39:29 +0000 2020, -118.369645, 34.087010, @magnomxofficial @epicureanexpats @DonNadeau @LeesaTruesdell @GFoodieFriends @AdamRogers2030 @OrganicRoadMapâ€¦ https://t.co/E4lTX1s4SV 
riddim_and_die, Fri May 01 04:39:29 +0000 2020, -118.411907, 34.020789, Whaaaaa? I do the same thing. Weird. 
faithgbderla, Fri May 01 04:39:29 +0000 2020, -157.799589, 21.319944, @floresaashley I want to be stepped on too ğŸ¥´ 
haiileyyparks, Fri May 01 04:39:30 +0000 2020, -119.888386, 36.982767, If I see you attempt to do some stupid shit like this I will rock your shit. Idgaf these people go through a fuckinâ€¦ https://t.co/uDFqRBOXei 
JamesBrownII1, Fri May 01 04:39:30 +0000 2020, -83.099288, 42.352787, @Jackie_Redmond Hi Jackie ğŸ˜Š Hope that youâ€™re enjoying this quarantine. Quash the rumors that the @CFL is folding, pâ€¦ https://t.co/VSKDZEHuhS 
Delyet_Sium, Fri May 01 04:39:30 +0000 2020, -122.818486, 49.111519, @Blackkout__ This is abuse ... my parents would have sold my stuff so someone else can get use out of it.   Dude upâ€¦ https://t.co/R2THF64NCo 
zachcummingz, Fri May 01 04:39:30 +0000 2020, -118.411907, 34.020789, Bitch how you a vegan ğŸŒ± but you be beefing with everyone.ğŸ¥© 
onappyhead, Fri May 01 04:39:30 +0000 2020, -80.122619, 26.721896, The mix on Deep Pockets is terrible 
TreyUnlimited, Fri May 01 04:39:30 +0000 2020, -93.809434, 32.461107, Speak life into your girl and help build her as she grow into the Queen she becoming ğŸ™ğŸ½ğŸ’¯ 
thesicilian_15, Fri May 01 04:39:30 +0000 2020, -83.173867, 32.678207, This is for the people you moron. Get lost ğŸ˜¡ğŸ˜¡ 
luhNickfr, Fri May 01 04:39:30 +0000 2020, -84.475291, 33.657586, Whole A listening to @lilbaby4PF rn ! 
USMCVet14, Fri May 01 04:39:30 +0000 2020, -94.279122, 39.014860, @Fun1Evans 100% 
AOIGE, Fri May 01 04:39:30 +0000 2020, -87.732013, 41.833585, @niffster_ Waiting for you cartians to tell the streets that he didnâ€™t spoil that song. Let me mud. 
lauriec79812303, Fri May 01 04:39:30 +0000 2020, -75.703784, 39.443697, @Kokomothegreat There is absolutely doubt. But they would never do this , right Kokomo? Not because they are fearfuâ€¦ https://t.co/paxCgoGnZU 
ImCaz_, Fri May 01 04:39:30 +0000 2020, -83.804475, 27.698682, @ViciousTingz Sneeeeze 
WhyNotChris_, Fri May 01 04:39:30 +0000 2020, -77.014398, 38.898603, @LatoyaReloaded @autumns_legitt @Pooooossaa Lmao 
sankofa_bird, Fri May 01 04:39:30 +0000 2020, -118.411907, 34.020789, Yes. 
__Kourtneeey, Fri May 01 04:39:30 +0000 2020, -94.559281, 39.100048, Havenâ€™t bought a pair of shoes in 2weeks ğŸ˜Œ Progress ğŸ˜‚ğŸ¤£ 
ThePadenGatlin, Fri May 01 04:39:30 +0000 2020, -112.124676, 33.552863, @laoneiann I ordered some on Prime itâ€™ll be here by the time to make a brunch French 75 
OzmereJ, Fri May 01 04:39:30 +0000 2020, -75.099713, 39.937486, @Top500scout https://t.co/lM6DUR49GV 
Heath_C_Walker, Fri May 01 04:39:31 +0000 2020, -90.367553, 29.568263, @DylanTweetin https://t.co/yvuubyKQt7 
richardklinger, Fri May 01 04:39:31 +0000 2020, -97.754724, 30.323346, @LongHornFrenzy Besides Texas their conference is their worst enemy in the state when it comes to recruiting ğŸ˜‚ğŸ˜‚ğŸ˜‚ 
JoeyDaJitt, Fri May 01 04:39:31 +0000 2020, -118.156711, 33.809172, My handâ€™s always open 
Jmayo14, Fri May 01 04:39:31 +0000 2020, -79.420865, 38.003376, I wanna know everybody favorite song from this project 
shymoney03, Fri May 01 04:39:31 +0000 2020, -117.363067, 34.531222, @ashhuhllee I see no heart shaped gems 
canteveroutdo, Fri May 01 04:39:31 +0000 2020, -77.357365, 37.623306, @guerorva there ainâ€™t a sad song on this hoe 
oliviamercure, Fri May 01 04:39:31 +0000 2020, -82.342269, 34.795941, used to be the kid no one cared about, that's why U gotta keep screaming until they hear U out 
MikePolinesio, Fri May 01 04:39:31 +0000 2020, -73.943396, 41.117700, @genesisbellacaa Solo uno? 
youadoremiaaa, Fri May 01 04:39:31 +0000 2020, -83.344830, 42.607537, Chicago Freestyle &gt;&gt;&gt;&gt; 
say_daisyyy, Fri May 01 04:39:31 +0000 2020, -96.621634, 32.907642, After a certain time frame, shit isnâ€™t a â€œspoilerâ€. Not our fault u jumped on the bandwagon late as shit 
ninadolll, Fri May 01 04:39:31 +0000 2020, -78.657837, 35.843981, nah drake spazzed on demons 
abdallah_bandar, Fri May 01 04:39:31 +0000 2020, -86.435508, 36.965671, @aljunaibi_7 ÙƒÙ„ Ø§Ù„ØªÙˆÙÙŠÙ‚ Ù„Ùƒ ÙŠØ§ Ø¨ÙˆØ¹Ø¨Ø¯Ø§Ù„Ù„Ù‡ ÙˆÙ†Ø´ÙˆÙÙƒ ÙÙŠ Ø§Ù„Ù…Ù†Ø§ØµØ¨ Ø§Ù„Ø¹Ù„ÙŠØ§ â¤ï¸ 
Regina_Nicolee, Fri May 01 04:39:31 +0000 2020, -97.286116, 29.110722, @risssakay_ No, that'll have to be one I watch alone 
briandgoldberg, Fri May 01 04:39:31 +0000 2020, -121.469664, 38.561722, *with any assset 
coach_tarin2, Fri May 01 04:39:31 +0000 2020, -117.702074, 34.081017, A picture of my babies who have recently passed the last couple years... #Pepper #Twitches We got their paw ğŸ¾ prâ€¦ https://t.co/VcHBn263GW 
westmontICP, Fri May 01 04:39:31 +0000 2020, -119.661975, 34.449098, ICP "Of the Year" (OTY) Recognition Awards ğŸğŸğŸğŸğŸğŸğŸAnnouncing the 19-20 ICP OTY recipients: .ğŸICO OTY: BSUğŸICO Pâ€¦ https://t.co/xeeg4nrg69 
Studdyboy3, Fri May 01 04:39:31 +0000 2020, -76.069946, 36.802541, Drake the greatest artist Wayne the greatest rapper Those my 2 goats ğŸ¯ 
koku___a, Fri May 01 04:39:31 +0000 2020, -73.723025, 45.557830, @sol_da_ I been that 
iamvanessagavia, Fri May 01 04:39:31 +0000 2020, -120.471810, 37.316222, @Sheadontplay I still canâ€™t believe I got a whole ass eyeball tattooed on me of some random singer just cause I thoâ€¦ https://t.co/hCLAwBWcmO 
HeladioH1, Fri May 01 04:39:32 +0000 2020, -118.402855, 34.069094, @EsDeChairos_ Que es dar un elotazo. 
SaanichParksRec, Fri May 01 04:39:32 +0000 2020, -123.370838, 48.496225, @melradcoaching Thatâ€™s the other one! One of my favourite spots. 
CollyCreative, Fri May 01 04:39:32 +0000 2020, -82.194535, 41.443541, @JordanSnappin Idk how he got the beat from Mexiko unless heâ€™s been saving it 
amadorrrrrrrr, Fri May 01 04:39:32 +0000 2020, -95.446486, 29.838495, Shout out to my bf for being such a good friend and partner to me. I appreciate him so much. I never ever feel threâ€¦ https://t.co/RGVfv0rgSR 
moebettaa, Fri May 01 04:39:32 +0000 2020, -95.369400, 29.760200, Yep. Still here. Mentally, Physically &amp; Emotionally. Check-in with yourselves lovelies... @ Houston, Texas https://t.co/9M1hHMjrgo 
jlowy36, Fri May 01 04:39:32 +0000 2020, -90.011008, 29.982601, https://t.co/IhfbgHpY7l https://t.co/JpMEY16U0O 
bryceMartian54, Fri May 01 04:39:32 +0000 2020, -95.446486, 29.838495, I never told the story but this is how I lost my virginity shit fucked me upğŸ˜ª 
MattBrown1017, Fri May 01 04:39:32 +0000 2020, -80.748747, 32.189802, LMAOOOOOOOOOO 
ThatNiggaDawg, Fri May 01 04:39:32 +0000 2020, -80.228552, 25.858557, Drake heard Carti verse and actually said yes 
RodUchies, Fri May 01 04:39:32 +0000 2020, -117.294096, 34.134925, @lilbaby4PF you still dha hardest out foo , Folks really be walkin on dha beat like itâ€™s nun ğŸ˜­ 
HinsonSaburo, Fri May 01 04:39:32 +0000 2020, -121.979527, 37.523645, @erikaaaguilar Happy birthday Erika! 
ItsWhitney_11, Fri May 01 04:39:32 +0000 2020, -91.730936, 35.238323, @AG_Harriss Me and my sister are obsessed with it!! 
aririhz, Fri May 01 04:39:32 +0000 2020, -77.014398, 38.898603, this mixtape is better than scorpion and i didnâ€™t even finish it yet https://t.co/ayrhXcX2YK 
Lo_Stant, Fri May 01 04:39:32 +0000 2020, -99.317690, 38.881950, @SierraLexie not calling you an overbearing moron, by the way, that is meant for the people prompting me to post this in the first place. 
JefersonAlgusto, Fri May 01 04:39:32 +0000 2020, -74.006400, 40.714200, âœï¸â¤ï¸ğŸ”¥ @ New York, New York https://t.co/XJ7ZAMvKhj 
yungcontent, Fri May 01 04:39:32 +0000 2020, -122.435979, 37.770657, noted media strategist drake sampled the ig live with his dad a month ago on this song ğŸ“ https://t.co/zb1k5wGW5A 
__princessheila, Fri May 01 04:39:32 +0000 2020, -117.462698, 34.108160, Adidas sucks ass! I ordered stuff weeks ago and theyâ€™ve shipped everything separately and today I got an email thatâ€¦ https://t.co/Ldttlpiibx 
chusbarrera, Fri May 01 04:39:32 +0000 2020, -73.948775, 40.655138, @gmrosillo La conoces? 
Andy_A24, Fri May 01 04:39:33 +0000 2020, -119.132102, 46.245556, @mamacitalexxx Run it 
Tooosssieee, Fri May 01 04:39:33 +0000 2020, -91.090800, 30.459100, cant wait to hear my mama say "im so proud of you" ğŸ¥º 
SmittyStokes, Fri May 01 04:39:33 +0000 2020, -75.386460, 39.145024, savage remix better than the song 
khastylis, Fri May 01 04:39:33 +0000 2020, -95.446486, 29.838495, a drunk heart speak a sober mind 
itsmarisol_, Fri May 01 04:39:33 +0000 2020, -95.446486, 29.838495, Freaking twitter ğŸ¤£ 
trisroberts20, Fri May 01 04:39:33 +0000 2020, -76.255686, 36.895082, Happy birthday Gigi ğŸ™ğŸ¾ 
dubbu1001, Fri May 01 04:39:33 +0000 2020, -79.272570, 43.629311, egg-fried rice with spam video w voiceover hHahahahHhahaha kalokohanhttps://t.co/Av2FlD03qp 
ShaniqueDaye, Fri May 01 04:39:33 +0000 2020, -84.280194, 34.073344, Gonna listen now!! 
Zenupinherr, Fri May 01 04:39:33 +0000 2020, -96.863795, 32.604153, @ChukwuemekaO_ @ItsDixsyBaby Trust i know i do g on foe nem lol 
happy_jess10, Fri May 01 04:39:33 +0000 2020, -87.732013, 41.833585, @spatial_coder @KMOV Use a bandana or a scarf you already own. Go on Etsy, plenty are shipping in 3-4 days. Also, sâ€¦ https://t.co/W7hFfBI51D 
liviemaybe, Fri May 01 04:39:34 +0000 2020, -122.311667, 37.915833, ğŸŒ±ğŸŒ¾ğŸŒ¸ @ Ø¥Ù„ Ø³ÙŠØ±Ø±ÙŠØªÙˆØŒ ÙƒÙˆÙ†ØªØ±Ø§ ÙƒÙˆØ³ØªØ§ØŒ ÙƒØ§Ù„ÙŠÙÙˆØ±Ù†ÙŠØ§ https://t.co/dDbxYqZpAG 
Artdood, Fri May 01 04:39:34 +0000 2020, -98.245675, 26.240690, @DiegoGee_40 @Eric_Longoria02 Ericâ€™s pinnacle was when Harlem Shake dropped 
danny_struck, Fri May 01 04:39:34 +0000 2020, -85.698188, 38.335135, 4- Best episode! Take aways a)after a loss- go harder in off season! B)teams win ğŸ† c) leaders must lead d) ğŸ‹ğŸ»year râ€¦ https://t.co/cnWQ10bBky 
charlieinottawa, Fri May 01 04:39:34 +0000 2020, -75.800141, 45.248791, @Lauriemore â¤â¤â¤ 
vcnoss, Fri May 01 04:39:34 +0000 2020, -86.270540, 45.001180, sad again 
jaydenwaree, Fri May 01 04:39:34 +0000 2020, -118.411907, 34.020789, not ashley saying the savage remix was bad 
PearlsNSneaks, Fri May 01 04:39:34 +0000 2020, -83.173867, 32.678207, Whatever I have is yours but my partner. 
myownphilo, Fri May 01 04:39:34 +0000 2020, -112.124676, 33.552863, @JetstarAirways wow glad Iâ€™ve never booked a flight with this company.  Look at the advice they gave my friend tryiâ€¦ https://t.co/EYHdxIyU22 
ajhisnandez, Fri May 01 04:39:34 +0000 2020, -71.142156, 42.323239, #SaySoRMX https://t.co/7J3IQ8Eio3 
rauldeleon370, Fri May 01 04:39:34 +0000 2020, -97.285913, 32.779967, You @estebanr_21 
jubameds, Fri May 01 04:39:34 +0000 2020, -82.455800, 27.947300, #transformationthursday #Transformation ..ğŸŠğŸ‘ğŸ½ğŸ‰ğŸ‘ğŸ½ğŸ†ğŸ‘ğŸ½ğŸ‰ğŸ‘ğŸ½ğŸŠHoy de forma especial quiero felicitar, Congratulara eâ€¦ https://t.co/SP7e5403xB 
DamnPOPS, Fri May 01 04:39:34 +0000 2020, -73.948775, 40.655138, I can do it, I'll go to C Town 
JalenGibson8, Fri May 01 04:39:35 +0000 2020, -79.467812, 36.078021, @aviallure1 Wait till you get to from Florida to love 
aliyahcollazo1, Fri May 01 04:39:35 +0000 2020, -78.657837, 35.843981, i feel sorry for you settling ass bitches iâ€™ll be damned 
TheDroneCo, Fri May 01 04:39:35 +0000 2020, -83.173867, 32.678207, @MaddowBlog @maddow We have tested more than all other countries combined. 
hallecherryyy, Fri May 01 04:39:35 +0000 2020, -73.948775, 40.655138, @Coreth_ Right !! 
JustusLayman, Fri May 01 04:39:35 +0000 2020, -79.975606, 37.304269, LINK IN BIO, WHO WANT A FEATURE??https://t.co/2U9k59ZXcU https://t.co/XtucHJCosw 
giansanityx, Fri May 01 04:39:35 +0000 2020, -73.831187, 40.670879, @rod_nakari yes bro thatâ€™s the point of the meme ğŸ˜‚ 
StarView1, Fri May 01 04:39:35 +0000 2020, -89.166305, 37.530249, We love that youâ€™re enjoying our wine while social distancing! @ StarView Vineyards https://t.co/8SWCQ6BhEE 
theloverera, Fri May 01 04:39:35 +0000 2020, -112.124676, 33.552863, guys iâ€™m watching twilight 
hyperbanana, Fri May 01 04:39:35 +0000 2020, -157.799589, 21.319944, ä»Šæ—¥ã‚‚ã‚ªã‚¢ãƒ•å³¶æ„ŸæŸ“è€…0äººã ãƒ¼ï¼ 
killrezyy, Fri May 01 04:39:35 +0000 2020, -73.948775, 40.655138, fuck it grim fandango 
_AXIII_, Fri May 01 04:39:35 +0000 2020, -122.330602, 47.614817, dudes in canada all dress like this btw 
DiccGangsta, Fri May 01 04:39:36 +0000 2020, -95.913642, 36.109392, Can I wash your body for you 
BlvckedRvw, Fri May 01 04:39:36 +0000 2020, -117.968540, 33.769045, Country music and a night drive â¤ï¸ 
inababi, Fri May 01 04:39:36 +0000 2020, -117.905645, 33.663609, @heylizelle I hope she can pay a bill or get some food with that money. I wish I sent it to someone that is strugglâ€¦ https://t.co/rihPOxQl6L 
_its_aaron65, Fri May 01 04:39:36 +0000 2020, -83.173867, 32.678207, @dats_brando You to pussy to do it 
btslaughterrr, Fri May 01 04:39:36 +0000 2020, -79.861034, 35.170499, Nobody:Young Thug: I eat calamari 
K_Green00, Fri May 01 04:39:36 +0000 2020, -94.976601, 29.767947, Savage remix&gt;&gt;&gt;&gt;&gt;&gt;&gt;&gt; Say So remix I wasnâ€™t feelin Nickiâ€™s part still live both songs 
simplypaloma, Fri May 01 04:39:36 +0000 2020, -74.066663, 40.718001, Omg my heart ğŸ˜©â¤ï¸ 
_QueenVenus, Fri May 01 04:39:36 +0000 2020, -77.066170, 39.058980, Baby boy so concentrated ğŸ˜«ğŸ˜«i love it i need this 
DrG_at_WSC, Fri May 01 04:39:36 +0000 2020, -99.680903, 41.500730, Seven weeks into the future? Look at China...https://t.co/daqborvc9K 
JessieeLouis, Fri May 01 04:39:37 +0000 2020, -82.372728, 28.042490, USF better not make fall semester online cause I will take a Gap semester ... 
Oramc29, Fri May 01 04:39:37 +0000 2020, -119.782465, 36.786042, I don't see Angela and bow wow being together like I just don't see it he needs someone else to really change him aâ€¦ https://t.co/Qvx9HvYeOl 
SingleSexyCool_, Fri May 01 04:39:37 +0000 2020, -122.330602, 47.614817, Real @sayheysade â€œAzul me please zaddyâ€ ğŸ¤£ 
TWMGKidWiz, Fri May 01 04:39:37 +0000 2020, -84.470388, 33.631277, ğŸ˜­ğŸ¤£ğŸ˜‚ you got bishop from #Juice in here this nigga kills me 
_TattsOnMyArm_, Fri May 01 04:39:37 +0000 2020, -86.812064, 33.605896, https://t.co/EhZkY5B271 
niyahdaprincess, Fri May 01 04:39:37 +0000 2020, -90.011008, 29.982601, *baby 
kirenbansal, Fri May 01 04:39:37 +0000 2020, -118.411907, 34.020789, !!! 
samiyavashon, Fri May 01 04:39:37 +0000 2020, -85.974467, 31.806558, I really want a guinea pig ğŸ¥º 
kireee_a, Fri May 01 04:39:37 +0000 2020, -114.299444, 34.146477, Eliminate what doesnâ€™t help you evolve. 
mohxmed_m, Fri May 01 04:39:37 +0000 2020, -93.262046, 44.970610, @zuzuovo same wlhi, iâ€™m about to cancel it until ramadan at this pointğŸ˜­ 
StickyM0Nthicky, Fri May 01 04:39:37 +0000 2020, -96.761753, 32.819858, Ima be this way until the end dawg. 
jlowy36, Fri May 01 04:39:37 +0000 2020, -90.011008, 29.982601, https://t.co/IhfbgHpY7l https://t.co/Pl1IPdH5LM 
IsYouLiveHoeee, Fri May 01 04:39:37 +0000 2020, -77.101999, 38.880845, Im lowkey not impressed. https://t.co/kqMDDsdKxc 
dezzieDaBarbie, Fri May 01 04:39:37 +0000 2020, -118.222017, 33.884968, ğŸ’¯ğŸ’¯ 
daAlmighty1ne, Fri May 01 04:39:37 +0000 2020, -86.793917, 33.542237, D4L iâ€™m sliding 
JLeedynasty, Fri May 01 04:39:37 +0000 2020, -81.620173, 31.827507, ğŸ˜˜ğŸ˜˜ğŸ˜˜ğŸ˜Š 
EveryReady10, Fri May 01 04:39:37 +0000 2020, -118.411907, 34.020789, @sIutmeout Can we see what the Cavs look like next time 
pulver_shae, Fri May 01 04:39:37 +0000 2020, -118.411907, 34.020789, @lady_eshaa BIG ENERGY 
b_col13, Fri May 01 04:39:37 +0000 2020, -87.327733, 41.585849, ğŸ‘€ğŸ‘€ https://t.co/2emmH4Jc2p 
NbkBoss, Fri May 01 04:39:37 +0000 2020, -76.255686, 36.895082, https://t.co/o39s5mi3Fk up next on Cloud OnAir? 
ywntrilla, Fri May 01 04:39:38 +0000 2020, -95.446486, 29.838495, Live within your means 
anetzlyn, Fri May 01 04:39:38 +0000 2020, -117.462698, 34.108160, @TanyaaBeltran YethğŸ˜” 
JJJetPlane94, Fri May 01 04:39:38 +0000 2020, -83.641199, 32.582630, #DAVEFXX season finale got me like https://t.co/gC7OzF4v2j 
timesupMAGA, Fri May 01 04:39:38 +0000 2020, -118.411907, 34.020789, Lisa Page Iranian Connection https://t.co/rPOkceiuwj #Qanon #WeAreTheNewsNow #FactsMatter #WWG1WGA #WakeUpAmericaâ€¦ https://t.co/FaMlzc0l7Y 
G00D4BBS, Fri May 01 04:39:38 +0000 2020, -87.985476, 42.095656, @stephchambers @AnnykaV @FPWellman @SteveSchmidtSES They should have been met with force! 
dishonoshea, Fri May 01 04:39:38 +0000 2020, -82.330269, 29.673172, @NICKIMINAJ THE WAY YOU JUST SLID INTO THE BEAT!!!!! THIS SONG IS ALREADY ON REPEAT 
Osito1034, Fri May 01 04:39:38 +0000 2020, -96.863795, 32.604153, @NoCensorNoShame Iâ€™m confused. Iâ€™m not hearing a beat change nor did I hear anything about Wendy. 
PriscillaAbril, Fri May 01 04:39:38 +0000 2020, -100.270474, 25.736715, Hoy me levante temprano y me estoy muriendo de sueÃ±o 
chriscegegbara, Fri May 01 04:39:38 +0000 2020, -73.968542, 40.780709, @Newsweek I thought that school is out? When did the Principal bully the teacher or this teacher may need mental health evaluation. 
iamjazzieee, Fri May 01 04:39:38 +0000 2020, -101.701754, 34.188727, @jayleearyanaaa Happy birthday Gorgeous!! âœ¨ 
lynnemaren1, Fri May 01 04:39:38 +0000 2020, -104.922093, 39.713563, @USATrump1963 @alexsalvinews @MadHatter8085 Fine you idiot 
ravenylmao, Fri May 01 04:39:38 +0000 2020, -77.604684, 41.117936, @FnmVertex @owenonipadd @grantthegoatyt Lol exactly 
OhJacc, Fri May 01 04:39:38 +0000 2020, -118.156711, 33.809172, @aaliyahrigginss @Shaawn4Pres You want to get me started? 
SMWLADGBP, Fri May 01 04:39:38 +0000 2020, -118.377313, 33.854669, @deezap04 https://t.co/QJlq3n0oOb 
FOX10Stephanie, Fri May 01 04:39:38 +0000 2020, -112.124676, 33.552863, Five weeks after being diagnosed with breast cancer, Jamie Sabanos is finally set to get surgery first thing tomorrâ€¦ https://t.co/LCpfF58MEF 
MadisonWheaton_, Fri May 01 04:39:39 +0000 2020, -79.861034, 35.170499, Iâ€™m Maddie when iâ€™m nice, done something good, or people want something. Iâ€™m Madison when iâ€™m out of pocket, realâ€¦ https://t.co/oKhrix5nwF 
its_vonnnn, Fri May 01 04:39:39 +0000 2020, -86.680738, 32.576227, @_dionapwatson me too, I saw some cute ones in Walgreens too! 
sraculishi, Fri May 01 04:39:39 +0000 2020, -107.342056, 24.662488, https://t.co/lhQQvSCdNj 
RyMB, Fri May 01 04:39:39 +0000 2020, -122.274055, 47.905972, Build. The. Wall. 
MCGonaglez, Fri May 01 04:39:39 +0000 2020, -119.306608, 37.269176, I dunno why, but i love rewatching sword art online, does anyone have any suggestions for similar anime? I love theâ€¦ https://t.co/rLdbaAG20w 
HTXDub, Fri May 01 04:39:39 +0000 2020, -95.446486, 29.838495, @trvisXX aye man happy birthday but bro whereâ€™s the shoe ğŸ˜­ğŸ˜­ğŸ˜­ I copped some merch now I need them 270s https://t.co/vn85JP1PlI 
SharissaJanee_, Fri May 01 04:39:39 +0000 2020, -81.705467, 41.495940, I also said that about I think Iâ€™m okay at first &amp; now I play it religiously ...&amp; Iâ€™ma still go to shows becauseâ€¦ https://t.co/6JTdTDriAQ 
SGoinup, Fri May 01 04:39:39 +0000 2020, -82.368322, 27.998056, You believe in angles more than angels. This nigga spittin 
ruthboopies, Fri May 01 04:39:39 +0000 2020, -82.407653, 40.079697, Mail in voting is not going to prevail. 
TheBubbleBabe, Fri May 01 04:39:39 +0000 2020, -100.076888, 31.168893, @brujaux His income doesnt change his dick 
sallyannsalsano, Fri May 01 04:39:39 +0000 2020, -118.411907, 34.020789, Miss you.  Guys 
MalcomMoreira, Fri May 01 04:39:39 +0000 2020, -74.229107, 40.693259, SuguadinağŸ¥´ 
_GodPunchPat, Fri May 01 04:39:39 +0000 2020, -95.326899, 29.547885, When to Say When is a GOLD mine for bars 
ItsDeeDee___, Fri May 01 04:39:39 +0000 2020, -80.926628, 33.631140, Didnâ€™t take as long as I expected to take my hair out 
riahlaflame, Fri May 01 04:39:39 +0000 2020, -95.446486, 29.838495, A happy camper https://t.co/mLcrqLgv0I 
vibeswithliyah, Fri May 01 04:39:39 +0000 2020, -75.028639, 39.789530, everything sucks 
aaliyahrigginss, Fri May 01 04:39:39 +0000 2020, -117.462698, 34.108160, on my auntie Rest In Peace once our business hit the net ainâ€™t no rekindling shit 
prince_adejumo, Fri May 01 04:39:39 +0000 2020, -76.620482, 39.284713, He prolly has tea. Sounds hella rapey!!!! 
Ahh_ItsTiff, Fri May 01 04:39:40 +0000 2020, -112.124676, 33.552863, Boys to Men ğŸ˜© my location is the ghetto Iâ€™m bomfortably boolin 
rinachavezm, Fri May 01 04:39:40 +0000 2020, -80.307064, 25.976124, FelÃ­z cumpleaÃ±os Barcelona de mi almağŸ¥³ğŸ‰ğŸ‚ğŸ’› 
uvilla22, Fri May 01 04:39:40 +0000 2020, -97.754724, 30.323346, @sanchoymoi i agree lol 
Atmdomo, Fri May 01 04:39:40 +0000 2020, -83.999204, 33.950635, how you been feelin in ya soul since you sold that ğŸ˜¼ 
WendellHubbard6, Fri May 01 04:39:40 +0000 2020, -118.411907, 34.020789, @geemilfin Iâ€™ll be waitingğŸ˜˜ğŸ˜‰ 
its_kiia, Fri May 01 04:39:40 +0000 2020, -74.060783, 41.503619, My moms cat licked me and I almost moa- nvm. Iâ€™m just tired of quarantine. 
ftlreggie, Fri May 01 04:39:40 +0000 2020, -77.604684, 41.117936, @reggie_wade20 @Jalenwade03 Happy 21st Jalen!!  Love it!!  Hitting the club scene like itâ€™s your birthday!! 
kickeye, Fri May 01 04:39:40 +0000 2020, -122.917508, 49.206752, @FineTunedFoto I've retweeted. My mom used to put clove oil on a toothpick and apply to tooth. I forgot about it but it worked in a pinch 
aLMa_182, Fri May 01 04:39:40 +0000 2020, -118.411907, 34.020789, @Ralfy212 We good hockey budds but youâ€™ll hate my taste in music ğŸ¥´ 
OzmereJ, Fri May 01 04:39:40 +0000 2020, -75.099713, 39.937486, @DaveEmerickMSU https://t.co/lM6DUR49GV 
KBSeauxluxe, Fri May 01 04:39:40 +0000 2020, -95.446486, 29.838495, Whatttttttttttttt 
RMillennielle, Fri May 01 04:39:40 +0000 2020, -84.340338, 34.041212, And I would suggest you and I must be talking about different tweets. 
JDavidElwood, Fri May 01 04:39:40 +0000 2020, -83.621276, 42.654001, @MERRYJANE You should expand your social media reach and manage all your #SocialMedia sites from one Boominâ€™ site.â€¦ https://t.co/M1mDumfTBf 
kristiandior_, Fri May 01 04:39:40 +0000 2020, -79.420865, 38.003376, @SHREKRAP its p good Carti IS NOT FOR EVERYONE ğŸ—£ 
MUVAREBEL, Fri May 01 04:39:40 +0000 2020, -158.011169, 21.384588, Idk what's up w./ me but I've been opening a bag of chips the past 2 times I've been waking up 
TreyLopezzzz, Fri May 01 04:39:40 +0000 2020, -98.314517, 29.514292, Yâ€™all hyped Pain 1993 just for that shit to be sum mid 
RealCoachRudy, Fri May 01 04:39:40 +0000 2020, -111.737566, 33.405755, @realcoachgreen Iâ€™ll go small ball lineup and move Wilks to â€œPFâ€ and plug in Thunder Dan 
George02789416, Fri May 01 04:39:40 +0000 2020, -117.896662, 34.047179, @kayla_mazza Obvi...?? Wtf is that.?? 
Tom4nash, Fri May 01 04:39:40 +0000 2020, -82.755341, 27.992711, @jwjwtw1997 @RadioFreeTom @IngrahamAngle Back in '16, I told people I knew that voted for Trump that I understood wâ€¦ https://t.co/BP0kR5AMof 
andrewwegley, Fri May 01 04:39:41 +0000 2020, -94.863354, 40.345541, This feels like a good time to point out that Drake makes high-quality music at a higher pace than any other artistâ€¦ https://t.co/SuReMu0iDb 
itsreesedawg, Fri May 01 04:39:41 +0000 2020, -82.669467, 40.365160, @andrew13why These are wayyyyyy different love the perspective for this shit 
Spencivs, Fri May 01 04:39:41 +0000 2020, -84.433106, 33.767195, God damn incredible 
GahDamnNick, Fri May 01 04:39:41 +0000 2020, -83.173867, 32.678207, @JuLyahh_ Lmaooo you aggy 
leahisaloser, Fri May 01 04:39:41 +0000 2020, -86.409610, 35.847420, @trilllqueen 1, 6,7 
jaypatofficial, Fri May 01 04:39:41 +0000 2020, -76.535528, 36.810017, FROM FLORIDA WITH LOVE?!?!? HE'S 4 FOR 4!!!!!! https://t.co/YZQDr7a9rH 
taylorfromig, Fri May 01 04:39:41 +0000 2020, -81.109617, 32.017285, @theindiaroyale the originals ğŸ˜© 
brownbearvisual, Fri May 01 04:39:41 +0000 2020, -80.117117, 26.931496, Drake is one of the greatest of all time IMO ğŸğŸğŸ 
BereniceGee71, Fri May 01 04:39:41 +0000 2020, -122.630908, 45.536402, @Choncheesy Wow, I think I love you. ğŸ¤­ğŸ˜³ 
EricAllixRogers, Fri May 01 04:39:41 +0000 2020, -87.732013, 41.833585, @LiBaoscompanion There's still a steel mill by the river! Hadn't heard about beets, but why not? Other parts of town grew onions, celery... 
realchrisrapley, Fri May 01 04:39:41 +0000 2020, -86.270540, 45.001180, 42 and Baby onna song togetha ainâ€™t een fair 
mdel1999, Fri May 01 04:39:41 +0000 2020, -80.358097, 25.703946, 23 dias 
stephenbeck, Fri May 01 04:39:41 +0000 2020, -73.948775, 40.655138, @humrashid @sir_gee_ohhhhh Remember Shopatron? 
MalisaNoble3, Fri May 01 04:39:41 +0000 2020, -94.559281, 39.100048, @lynney0513 @Christi32386847 @garrulous_gin @bjchris01 @kroppandrea1 @RealDeanCain @Mallqueen01 @IceeDoll @J9DCâ€¦ https://t.co/RB998zdYFV 
_sapphirelove, Fri May 01 04:39:41 +0000 2020, -73.831187, 40.670879, â€œDem follow me like twitter, dem follow me like Jesusâ€ - Adidja Palmer 
ayesebo, Fri May 01 04:39:41 +0000 2020, -96.291649, 30.585471, @beerxpressure I also feel that ğŸ˜… 
alexanderdavila, Fri May 01 04:39:41 +0000 2020, -101.166961, 25.032632, @ChuySantoss Estas tomado JesÃºs? 
gmkeller4, Fri May 01 04:39:41 +0000 2020, -122.630908, 45.536402, Parks and Rec. That's it. That's my tweet. 
aquivenezuela2, Fri May 01 04:39:41 +0000 2020, -80.369153, 25.825643, @JoseColinaP Tenemos que llegar al millÃ³n rÃ¡pido https://t.co/FeVwofGe9u https://t.co/U8Fa5DloaA 
mariacmoreno_69, Fri May 01 04:39:42 +0000 2020, -115.496792, 32.681890, @arigarcia__ GET CRAZY GET WILD 
cria_elaine, Fri May 01 04:39:42 +0000 2020, -111.135516, 32.388011, Tired of never being enough. 
markellieee, Fri May 01 04:39:42 +0000 2020, -84.563414, 33.811316, Damn 2020 ready for this shit to be over too itâ€™s already May ! 
stefffinanders, Fri May 01 04:39:42 +0000 2020, -79.272570, 43.629311, when i shoot my shot it's the kawhi way it's goin in 
Rowe_Your_Boat_, Fri May 01 04:39:42 +0000 2020, -111.135516, 32.388011, Fellow photographers, I have a question for yâ€™all:If someone you know is starting out in photography, and you notâ€¦ https://t.co/7uGDiLzRuM 
asminn01, Fri May 01 04:39:42 +0000 2020, -121.998644, 37.973327, This. 
hallecherryyy, Fri May 01 04:39:42 +0000 2020, -73.948775, 40.655138, @rodollaz_ Good 
_Beanyy, Fri May 01 04:39:42 +0000 2020, -79.980689, 40.431389, @Drake Losses is amazing 
Stvzbnk, Fri May 01 04:39:42 +0000 2020, -115.223125, 36.232915, @TheFeelzMaker @larsp2740 @RepLizCheney @realDonaldTrump @SpeakerPelosi Looks like I've won the Debate. By any measâ€¦ https://t.co/o0wRqluZM0 
rmorrisondcool1, Fri May 01 04:39:42 +0000 2020, -95.538134, 30.337514, https://t.co/KBNmDSdGuA 
graceadrianne_, Fri May 01 04:39:42 +0000 2020, -73.723025, 45.557830, reminiscing about the night i got to see my favourite djs remix my favourite song ğŸ¥ºğŸ’— #BassShip5 please drop this soâ€¦ https://t.co/P3rYvmnX5t 
RaniaAbdou15, Fri May 01 04:39:42 +0000 2020, -79.616073, 43.555244, I think so many of us, talk too much and listen too little.  If we stopped and listened to their intent not only wiâ€¦ https://t.co/fEHWPJEzon 
so_amazing_2see, Fri May 01 04:39:42 +0000 2020, -89.876449, 32.571032, @LextersLab I skipped 4 of the 1st 6, Iâ€™ve already heard em 
Destinydeanine, Fri May 01 04:39:42 +0000 2020, -85.958971, 37.892789, @OregonBlueDream @Travon Black people during this time weâ€™re hunted like dogs, lynched, and beaten. Itâ€™s only fairâ€¦ https://t.co/aYiUv3gKVt 
RealRidgeODell, Fri May 01 04:39:42 +0000 2020, -122.330602, 47.614817, @aaron_m_lambert My level of tolerance is 24% 
jjameswalton, Fri May 01 04:39:42 +0000 2020, -74.606303, 40.568911, @meno_jondreau love this ğŸ˜›ğŸ’™ 
